,title,location,salary,skills
0,Fullstack Web developer,"London, England",£43.75 - £56.25 Per Hour(Employer Est.),"['frontend', 'backend', 'sql']"
1,Fullstack JavaScript Developer,"Leicester, England",£56.25 - £68.75 Per Hour(Employer Est.),"['frontend', 'javascript', 'react', 'java', 'node']"
2,Full Stack (React/NodeJS) Developer,"Dundee, Scotland",£35K - £47K (Glassdoor Est.),[]
3,FullStack JavaScript Developer (Remote),Remote,NA,"['javascript', 'cloud', 'java', 'vue', 'node', 'mongodb']"
4,Senior Fullstack Developer,"London, England",NA,[]
5,Front End / Full Stack,England,£50K - £65K (Employer Est.),[]
6,Senior Fullstack Developer,"London, England",NA,[]
7,FullStack Laravel Developer,"London, England",£50K (Employer Est.),"['frontend', 'backend']"
8,Fullstack Python/React developer,"London, England",£33K - £100K (Glassdoor Est.),"['javascript', 'aws', 'java', 'python']"
9,Fullstack Developer,"London, England",£80K (Employer Est.),"['html', 'css', 'javascript', 'java', 'node']"
10,Senior Fullstack Developer at TreasurySpring,Remote,NA,"['frontend', 'backend', 'typescript', 'sql', 'spring', 'python']"
11,Java Fullstack Developer,"London, England",£81.25 - £100.00 Per Hour(Employer Est.),['java']
12,"Senior FullStack Developer ( Angular 8+, Spring Boot ) Remote",Remote,NA,"['angular', 'spring']"
13,Senior Fullstack Developer,,£90K (Employer Est.),[]
14,FullStack Developer (JavaScript),"London, England",£40K (Employer Est.),[]
15,Fullstack Developer,"London, England",NA,[]
16,Full Stack Developer,"London, England",£32K - £45K (Employer Est.),['backend']
17,Fullstack developer,Remote,£55K - £60K (Employer Est.),[]
18,Frontend Developer,"Bristol, England",£35K - £40K (Employer Est.),"['react', 'node', 'python']"
19,Web Developer - Lancaster,"Lancaster, England",£28K - £35K (Employer Est.),"['html', 'css', 'javascript', 'java']"
20,FullStack Java Developer - (ITSO or EMV),"London, England",£50.00 - £56.25 Per Hour(Employer Est.),"['frontend', 'backend', 'java']"
21,Freelance** Senior Optimizely/Google Optimize Developer,"London, England",NA,[]
22,Front End Developer - 50K!,"Birmingham, England",£45K - £50K (Employer Est.),"['frontend', 'react']"
23,Full Stack Developer,"Cambridge, East of England, England",£70K - £80K (Employer Est.),"['aws', 'react', '.net']"
24,Full Stack Developer,"Ulceby, East Midlands, England",£30K - £45K (Employer Est.),[]
25,Senior React Developer (Fully Remote),Remote,NA,"['frontend', 'react']"
26,Fullstack Developer,"Newcastle upon Tyne, England",£30K - £40K (Employer Est.),"['html', 'css', 'javascript', 'react', 'java', '.net', 'sql']"
27,Full Stack Developer,"London, England",£35K (Employer Est.),['cloud']
28,(Senior) Software Developer in Berlin Full Stack Javascript,England,£34K - £81K (Employer Est.),[]
29,Fullstack Web Developer,"London, England",£50K - £65K (Employer Est.),[]
30,Java Fullstack Developer,"London, England",£81.25 - £100.00 Per Hour(Employer Est.),"['testing', 'java']"
31,Node.js / React.js Developer (UK/remote),Remote,NA,"['backend', 'aws', 'react', 'sql', 'node', 'mongodb']"
32,Node.js Developer (UK/remote),Remote,NA,"['backend', 'aws', 'sql', 'node', 'mongodb']"
33,Senior Full Stack Developer,"London, England",£60K - £86K (Glassdoor Est.),"['frontend', 'backend']"
34,Senior Fullstack Java Developer,"London, England",£60K - £75K (Employer Est.),[]
35,Full Stack Developer,"London, England",£85K (Employer Est.),"['javascript', 'typescript', 'react', 'java', 'node', 'graphql']"
36,Software Developer - Fullstack .Net,"Cheltenham, England",£40K - £50K (Employer Est.),"['frontend', 'html', 'css', '.net']"
37,Fullstack Software Engineer,"London, England",£61K - £70K (Glassdoor Est.),[]
38,Graduate / Junior,"Bristol, England",£50K (Employer Est.),[]
39,Full Stack Developer,"London, England",NA,"['cloud', 'flask']"
40,Software Engineer (Django/Fullstack),"London, England",£63K - £73K (Glassdoor Est.),[]
41,Full Stack Developer,Remote,£60K - £65K (Employer Est.),[]
42,Senior .NET Developer,,£70K - £80K (Employer Est.),['.net']
43,Software Developer - Web3 - Typescript,"Manchester, England",£65K (Employer Est.),[]
44,Technical Architect - 75K,Remote,£55K - £75K (Employer Est.),[]
45,Senior Full Stack Developer - AWS,"London, England",£60K - £86K (Glassdoor Est.),"['frontend', 'backend']"
46,"Fullstack Engineer - Java, React",Remote,£29.98 - £33.46 Per Hour(Employer Est.),"['frontend', 'backend', 'aws', 'cloud', 'react', 'java', 'spring', 'devops']"
47,Full Stack Software Developer,"Leatherhead, England",£60K - £70K (Employer Est.),[]
48,Full Stack Software Developer with C# Asp.net,"Basildon, East of England, England",£55K - £75K (Employer Est.),[]
49,Fullstack Engineer using Dot Net and React,"Reading, England",£70K - £80K (Employer Est.),"['react', '.net']"
50,PHP and React developer,Remote,£55K - £60K (Employer Est.),[]
51,Senior Full-Stack Engineer,"London, England",£56K - £76K (Glassdoor Est.),[]
52,Lead Fullstack Engineer,Remote,£85K (Employer Est.),"['react', 'node']"
53,"Software Developer, GBP62K, Manchester","Manchester, England",£29K - £63K (Glassdoor Est.),"['html', 'css', 'javascript', 'cloud', 'java', '.net', 'sass', 'sql', 'devops']"
54,Senior Full Stack Developer - (Python/React),"Cardiff, Wales",NA,[]
55,Senior React Developer,Remote,NA,['react']
56,".NET Developer, GBP65K, Manchester","Manchester, England",£30K - £45K (Glassdoor Est.),"['html', 'css', 'javascript', 'cloud', 'java', '.net', 'sass', 'sql', 'devops']"
57,Full Stack Engineer - Trust & Safety,"London, England",£47K - £53K (Glassdoor Est.),['cloud']
58,".NET Developer, Hemel Hempstead (Hybrid), GBP50K","Hemel Hempstead, England",£29K - £52K (Glassdoor Est.),"['html', 'css', 'javascript', 'cloud', 'java', '.net', 'sql', 'devops']"
,title,location,salary,skills
0,Junior Web Developer,United Kingdom,£32K - £42K (Employer Est.),"['html', 'css', 'javascript', 'testing', 'java', 'sql']"
1,Frontend Developer,"Bristol, England",£40K - £53K (Employer Est.),[]
2,Web Designer & Developer,Remote,£500 (Employer Est.),[]
3,Frontend Developer,"Cambridge, East of England, England",£45K - £50K (Employer Est.),['frontend']
4,Assistant Frontend Web Developer (2 posts),"Huddersfield, England",£25K - £28K (Employer Est.),['frontend']
5,Senior Frontend Developer,"Oxford, England",£55K - £75K (Employer Est.),"['frontend', 'backend', 'html', 'css', 'javascript', 'cloud', 'react', 'testing', 'java', 'sass', 'angular', 'vue']"
6,Web Developer,Remote,£20.00 Per Hour(Employer Est.),[]
7,Junior Frontend Web Developer,"Lowestoft, England",£15K - £24K (Employer Est.),"['frontend', 'html', 'react']"
8,Junior Web Developer,"London, England",£22K - £25K (Employer Est.),"['html', 'css']"
9,Frontend React Developer,Remote,NA,[]
10,Front End Web Developer,"Coventry, England",£29K - £43K (Employer Est.),[]
11,Frontend Developer (Vue/React),"Nottingham, England",£25K - £35K (Employer Est.),"['frontend', 'html', 'css', 'javascript', 'java']"
12,Junior Web Developer,Remote,£30K - £40K (Employer Est.),[]
13,Web Developer,Remote,£65K - £75K (Employer Est.),[]
14,HTML & CSS Developer,"Ossington, England",£15K - £16K (Employer Est.),[]
15,Frontend Developer - Spain (Remote),Remote,NA,"['frontend', 'cloud', 'react']"
16,Frontend Developer,Remote,NA,['frontend']
17,Web Developer,"Oldham, England",£28K (Employer Est.),[]
18,Web Developer,"Colchester, England",£40K - £60K (Employer Est.),[]
19,Frontend Developer,Remote,£45K - £55K (Employer Est.),"['cloud', '.net', 'angular']"
20,Junior Web Developer,"Clitheroe, England",£24K - £28K (Employer Est.),[]
21,Junior WordPress Developer,"Northampton, England",£33K - £35K (Employer Est.),"['html', 'css', 'javascript', 'testing', 'java']"
22,Web Developer,"King's Lynn, England",£39K (Employer Est.),[]
23,Frontend Developer (React),"London, England",£60K - £70K (Employer Est.),"['frontend', 'react']"
24,Graduate Web Developer,"Preston, North West England, England",£20K (Employer Est.),[]
25,Web Developer,Remote,£45K - £53K (Employer Est.),[]
26,Junior Website Developer,"Bournemouth, England",£20K - £30K (Employer Est.),"['backend', 'html', 'css', 'javascript', 'java', 'sass', 'sql']"
27,Front-End Web Developer – React,"Cambridge, East of England, England",£60K - £90K (Employer Est.),"['javascript', 'react', 'java', 'node']"
28,Frontend Developer,"Leeds, England",£40K - £70K (Glassdoor Est.),['frontend']
29,Frontend Developer,"Bristol, England",£46K - £61K (Glassdoor Est.),['frontend']
30,Junior Software Engineer - Frontend,"Royal Leamington Spa, England",£33K - £44K (Glassdoor Est.),['frontend']
31,Web Developers,Remote,NA,"['html', 'sql']"
32,Front End Developer,United Kingdom,£19.00 - £20.70 Per Hour(Employer Est.),['frontend']
33,Frontend Engineer - Webcore (Remote),Remote,NA,"['frontend', 'react', 'graphql']"
34,JUNIOR FRONT END DEVELOPER - EMEA,"London, England",£34K - £41K (Glassdoor Est.),['testing']
35,Wordpress Developer,Remote,£9.18 - £9.50 Per Hour(Employer Est.),"['html', 'css']"
36,Frontend Developer,"Belfast, Northern Ireland",£30K - £40K (Glassdoor Est.),['frontend']
37,Front End Developer,Remote,£40K (Employer Est.),[]
38,Junior Front-End Developer,"London, England",£25K - £30K (Employer Est.),[]
39,Junior Web Developer,"Havant, England",£19K - £25K (Employer Est.),['react']
40,Front End Web Developer,"Glasgow, Scotland",£31K - £47K (Glassdoor Est.),"['frontend', 'html', 'css', 'javascript', 'java']"
41,Front End Developer (Interactive Learning),"Oxford, England",£31K - £36K (Employer Est.),"['frontend', 'html', 'javascript', 'java', 'express']"
42,Frontend Engineer,Remote,NA,['frontend']
43,Junior Front End Developer,"Urmston, England",£41K - £48K (Glassdoor Est.),"['frontend', 'html', 'css', 'javascript', 'java', 'vue', 'node']"
44,Graduate Frontend Developer,"London, England",£54K - £85K (Glassdoor Est.),"['frontend', 'cloud']"
45,React Frontend UI Developer,Remote,NA,"['frontend', 'cloud']"
46,Front End Developer,"Milton Keynes, England",£40K - £42K (Employer Est.),['frontend']
47,Web Developer,"Aberdeen, Scotland",£39K - £51K (Glassdoor Est.),['devops']
48,Junior Developer,Remote,NA,[]
49,Junior Developer - JavaScript / React,"Bristol, England",£41K - £70K (Glassdoor Est.),"['testing', 'java']"
50,Frontend Engineer,Remote,NA,['frontend']
51,React Developer,Remote,£25K - £30K (Employer Est.),['frontend']
52,Front End Developer - React 100% WFH UK or EEA,Remote,£45K - £65K (Employer Est.),"['frontend', 'react']"
53,Front End React Developer,England,£75.00 - £87.50 Per Hour(Employer Est.),[]
54,Web Developer - UK,"Saint Ives, East of England, England",£33K - £46K (Glassdoor Est.),[]
55,Junior Web Developer,"Manchester, England",£16K - £20K (Employer Est.),[]
56,Frontend Developer,"London, England",£50K - £70K (Employer Est.),['frontend']
57,Front End Developer Internship,"Bristol, England",NA,[]
58,Front End Developer,"Cardiff, Wales",£40K - £42K (Employer Est.),['frontend']
59,Software Engineer - Your Return to Tech - JavaScript,Remote,£35K - £70K (Employer Est.),"['frontend', 'javascript', 'java']"
60,Web Developers,Remote,NA,"['html', 'sql']"
61,Front End Developer,United Kingdom,£19.00 - £20.70 Per Hour(Employer Est.),['frontend']
62,Junior Front End Developer,"Urmston, England",£41K - £48K (Glassdoor Est.),"['frontend', 'html', 'css', 'javascript', 'java', 'vue', 'node']"
63,Front End Developer Internship,"Bristol, England",NA,[]
64,Front End Developer,"Bournemouth, England",NA,['frontend']
65,Junior Developer - JavaScript / React,"Bristol, England",£41K - £70K (Glassdoor Est.),"['testing', 'java']"
66,Junior Front-End Developer,"London, England",£25K - £30K (Employer Est.),[]
67,WordPress Developer,"Fleet, South East England, England",£33K (Employer Est.),"['html', 'css', 'javascript', 'java']"
68,Junior/Mid Frontend Developer,"Middlesbrough, England",£29K - £85K (Glassdoor Est.),"['html', 'css', 'javascript', 'java']"
69,Front End Web Developer,"Leeds, England",£21K - £26K (Employer Est.),"['frontend', 'backend', 'html', 'css', 'javascript', 'java', 'vue']"
70,Remote Mid-Weight WordPress Developer,Remote,£25K - £35K (Employer Est.),[]
71,Junior Front End Developer,"Brighton, England",£25K - £35K (Employer Est.),[]
72,Frontend Engineer,Remote,NA,['frontend']
73,Junior Web Designer/Developer,"Hereford, England",£20K - £25K (Employer Est.),[]
74,Front End Developer,Remote,£40K (Employer Est.),[]
75,Web Designer & Developer,Remote,£27K - £30K (Employer Est.),"['html', 'css']"
76,React Developer,Remote,£25K - £30K (Employer Est.),['frontend']
77,Front End Software Developer,"Bristol, England",£40K - £50K (Employer Est.),['frontend']
78,Junior-Mid Level Developer – PHP/ Laravel/ MySQL/ JavaScript,"Bristol, England",£30K - £42K (Glassdoor Est.),"['html', 'css', 'javascript', 'java', 'sql']"
79,Graduate Developer,"Catterick, England",£25K - £30K (Employer Est.),[]
80,Website/React Developer,"Bristol, England",£37K - £65K (Glassdoor Est.),"['html', 'css', 'javascript', 'react', 'java']"
81,Wordpress Developer,Remote,£32K - £35K (Employer Est.),[]
82,Frontend Developer (Wordpress),"Glasgow, Scotland",£28K - £33K (Glassdoor Est.),"['html', 'css', 'javascript', 'java']"
83,Graduate Front-End Developer,"London, England",£20K - £30K (Employer Est.),"['html', 'css', 'javascript', 'typescript', 'java', '.net', 'angular']"
84,Front End Developer,"Milton Keynes, England",£40K - £42K (Employer Est.),['frontend']
85,Junior Developer,Remote,NA,[]
86,Web Developer,"Shrewsbury, England",£25K - £35K (Employer Est.),['backend']
87,Junior Web Developer,"Manchester, England",£16K - £20K (Employer Est.),[]
88,Web Developer,"Dartford, England",£27K (Employer Est.),['testing']
89,Web Developer,"Crawley, West Sussex, South East England, England",£25K - £35K (Employer Est.),"['css', 'javascript', 'java', 'sql']"
90,Junior Web Designer/Developer,"Hereford, England",£20K - £25K (Employer Est.),[]
91,Web Designer & Developer,Remote,£27K - £30K (Employer Est.),"['html', 'css']"
92,Junior Front End Developer,"Urmston, England",£41K - £48K (Glassdoor Est.),"['frontend', 'html', 'css', 'javascript', 'java', 'vue', 'node']"
93,Web Designer & Developer volunteer,"Birmingham, England",NA,[]
94,Wordpress Web Designer Volunteer for Charitable Organization,Remote,NA,[]
95,Front End Developer,United Kingdom,£19.00 - £20.70 Per Hour(Employer Est.),['frontend']
96,Front End Developer Internship,"Bristol, England",NA,[]
97,Junior/Mid Frontend Developer,"Middlesbrough, England",£29K - £85K (Glassdoor Est.),"['html', 'css', 'javascript', 'java']"
98,Front End Developer,"Bournemouth, England",NA,['frontend']
99,Web Developer/Designer,United Kingdom,£23K - £26K (Employer Est.),[]
100,Web Designer & Developer,"Ilford, England",£23K - £23K (Employer Est.),['css']
101,WordPress Developer,"Fleet, South East England, England",£33K (Employer Est.),"['html', 'css', 'javascript', 'java']"
102,Website/React Developer,"Bristol, England",£37K - £65K (Glassdoor Est.),"['html', 'css', 'javascript', 'react', 'java']"
103,Web Designer & Developer,"Preston, North West England, England",£22K - £26K (Employer Est.),[]
104,Junior Developer - JavaScript / React,"Bristol, England",£41K - £70K (Glassdoor Est.),"['testing', 'java']"
105,Junior Website Developer,,£30K (Employer Est.),[]
106,Web Designer & Developer,"Manchester, England",£1K (Employer Est.),[]
107,Frontend Developer (Wordpress),"Glasgow, Scotland",£28K - £33K (Glassdoor Est.),"['html', 'css', 'javascript', 'java']"
108,Wordpress Developer,Remote,£32K - £35K (Employer Est.),[]
109,Junior Website Designer & Developer,"Thatcham, England",£18K - £24K (Employer Est.),[]
110,Junior Front-End Developer,"Manchester, England",£20K - £24K (Employer Est.),"['frontend', 'backend', 'html', 'css', 'javascript', 'java']"
111,Web Design and Development professionals,"Radlett, England",£26K - £27K (Employer Est.),[]
112,Web Developer/Designer,"Telford, England",£45K - £50K (Employer Est.),"['testing', '.net']"
113,React Frontend UI Developer,Remote,NA,"['frontend', 'cloud']"
114,Website Developer,"Milton Keynes, England",£19K - £26K (Employer Est.),['testing']
115,FrontEnd Web Developer - Lancaster,"Lancaster, England",£28K - £34K (Employer Est.),"['frontend', 'html', 'css', 'javascript', 'java']"
116,WordPress Developer,"Manchester, England",£9.50 Per Hour(Employer Est.),[]
117,Junior-Mid Level Developer – PHP/ Laravel/ MySQL/ JavaScript,"Bristol, England",£30K - £42K (Glassdoor Est.),"['html', 'css', 'javascript', 'java', 'sql']"
118,Web Developer,"Altrincham, England",£25K - £50K (Employer Est.),[]
119,Graduate Front-End Developer,"London, England",£20K - £30K (Employer Est.),"['html', 'css', 'javascript', 'typescript', 'java', '.net', 'angular']"
120,Junior Web Designer/Developer,"Hereford, England",£20K - £25K (Employer Est.),[]
121,Front End Developer Internship,"Bristol, England",NA,[]
122,Wordpress Web Designer Volunteer for Charitable Organization,Remote,NA,[]
123,Junior Front End Developer,"Urmston, England",£41K - £48K (Glassdoor Est.),"['frontend', 'html', 'css', 'javascript', 'java', 'vue', 'node']"
124,Front End Developer,United Kingdom,£19.00 - £20.70 Per Hour(Employer Est.),['frontend']
125,Web Designer & Developer volunteer,"Birmingham, England",NA,[]
126,Web Designer & Developer,"Manchester, England",£1K (Employer Est.),[]
127,Junior Developer - JavaScript / React,"Bristol, England",£41K - £70K (Glassdoor Est.),"['testing', 'java']"
128,Junior Website Developer,,£30K (Employer Est.),[]
129,Junior Front-End Developer,"Manchester, England",£20K - £24K (Employer Est.),"['frontend', 'backend', 'html', 'css', 'javascript', 'java']"
130,WordPress Developer,"Fleet, South East England, England",£33K (Employer Est.),"['html', 'css', 'javascript', 'java']"
131,Web Developer/Designer,United Kingdom,£23K - £26K (Employer Est.),[]
132,Junior Website Designer & Developer,"Thatcham, England",£18K - £24K (Employer Est.),[]
133,Junior-Mid Level Developer – PHP/ Laravel/ MySQL/ JavaScript,"Bristol, England",£30K - £42K (Glassdoor Est.),"['html', 'css', 'javascript', 'java', 'sql']"
134,Graduate Front-End Developer,"London, England",£20K - £30K (Employer Est.),"['html', 'css', 'javascript', 'typescript', 'java', '.net', 'angular']"
135,Web Designer / Developer / Marketing,"Coventry, England",£16K - £21K (Employer Est.),[]
136,Web Designer & Developer,"Preston, North West England, England",£22K - £26K (Employer Est.),[]
137,Front End/WordPress Web Developer,"Chester, England",NA,['frontend']
138,Junior Front End Developer,"London, England",£56K - £88K (Glassdoor Est.),[]
139,Web Developer/Designer,"Telford, England",£45K - £50K (Employer Est.),"['testing', '.net']"
140,Junior/Mid Frontend Developer,"Middlesbrough, England",£29K - £85K (Glassdoor Est.),"['html', 'css', 'javascript', 'java']"
141,Frontend Javascript Developer,"Portsmouth, South East England, England",£30K - £55K (Employer Est.),['frontend']
142,React Frontend UI Developer,Remote,NA,"['frontend', 'cloud']"
143,"Web development roles (all levels, including graduates)","Kingston upon Thames, England",£21K (Employer Est.),"['html', 'css', 'javascript', 'java', 'sass', 'sql']"
144,WordPress Developer,"Manchester, England",£9.50 Per Hour(Employer Est.),[]
145,Graduate Developer,"Catterick, England",£25K - £30K (Employer Est.),[]
146,Web Design and Development professionals,"Radlett, England",£26K - £27K (Employer Est.),[]
147,WordPress Developer,"Manchester, England",£26K - £45K (Glassdoor Est.),[]
148,FrontEnd Web Developer - Lancaster,"Lancaster, England",£28K - £34K (Employer Est.),"['frontend', 'html', 'css', 'javascript', 'java']"
149,Web Designer & Developer,"March, England",NA,"['html', 'css', 'testing']"
150,Wordpress Web Designer Volunteer for Charitable Organization,Remote,NA,[]
151,Junior Front End Developer,"Urmston, England",£41K - £48K (Glassdoor Est.),"['frontend', 'html', 'css', 'javascript', 'java', 'vue', 'node']"
152,Front End Developer,United Kingdom,£19.00 - £20.70 Per Hour(Employer Est.),['frontend']
153,Web Designer & Developer volunteer,"Birmingham, England",NA,[]
154,Web Designer & Developer,"Manchester, England",£1K (Employer Est.),[]
155,Junior Developer - JavaScript / React,"Bristol, England",£41K - £70K (Glassdoor Est.),"['testing', 'java']"
156,Junior Website Developer,,£30K (Employer Est.),[]
157,Junior Front-End Developer,"Manchester, England",£20K - £24K (Employer Est.),"['frontend', 'backend', 'html', 'css', 'javascript', 'java']"
158,WordPress Developer,"Fleet, South East England, England",£33K (Employer Est.),"['html', 'css', 'javascript', 'java']"
159,Web Developer/Designer,United Kingdom,£23K - £26K (Employer Est.),[]
160,Junior Website Designer & Developer,"Thatcham, England",£18K - £24K (Employer Est.),[]
161,Graduate Front-End Developer,"London, England",£20K - £30K (Employer Est.),"['html', 'css', 'javascript', 'typescript', 'java', '.net', 'angular']"
162,Web Designer / Developer / Marketing,"Coventry, England",£16K - £21K (Employer Est.),[]
163,Web Designer & Developer,"Preston, North West England, England",£22K - £26K (Employer Est.),[]
164,Front End/WordPress Web Developer,"Chester, England",NA,['frontend']
165,Junior Front End Developer,"London, England",£56K - £88K (Glassdoor Est.),[]
166,Web Developer/Designer,"Telford, England",£45K - £50K (Employer Est.),"['testing', '.net']"
167,React Frontend UI Developer,Remote,NA,"['frontend', 'cloud']"
168,WordPress Developer,"Manchester, England",£9.50 Per Hour(Employer Est.),[]
169,Graduate Developer,"Catterick, England",£25K - £30K (Employer Est.),[]
170,Web Design and Development professionals,"Radlett, England",£26K - £27K (Employer Est.),[]
171,WordPress Developer,"Manchester, England",£26K - £45K (Glassdoor Est.),[]
172,Web Designer & Developer,"March, England",NA,"['html', 'css', 'testing']"
173,Web Designer & Developer,"Keighley, England",£26K - £30K (Employer Est.),[]
174,Wordpress Developer,Remote,£32K - £35K (Employer Est.),[]
175,Wordpress Developer/Graphic Designer,"Norwich, England",£18K - £23K (Employer Est.),"['html', 'css', 'javascript', 'java']"
176,Wordpress Developer,"Ware, England",£32K - £42K (Employer Est.),[]
177,Web Developer and Designer,England,£26K - £30K (Employer Est.),[]
178,Web Developer,"Altrincham, England",£25K - £50K (Employer Est.),[]
179,Volunteer Web Developers / Graphic Designers,"Edinburgh, Scotland",NA,"['html', 'css']"
180,Junior Web Developer,United Kingdom,£32K - £42K (Employer Est.),"['html', 'css', 'javascript', 'testing', 'java', 'sql']"
181,Web Designer & Developer,Remote,£500 (Employer Est.),[]
182,HTML & CSS Developer,"Ossington, England",£15K - £16K (Employer Est.),[]
183,Frontend Developer (Vue/React),"Nottingham, England",£25K - £35K (Employer Est.),"['frontend', 'html', 'css', 'javascript', 'java']"
184,Junior Website Developer,"Bournemouth, England",£20K - £30K (Employer Est.),"['backend', 'html', 'css', 'javascript', 'java', 'sass', 'sql']"
185,Junior WordPress Developer,"Northampton, England",£33K - £35K (Employer Est.),"['html', 'css', 'javascript', 'testing', 'java']"
186,Front End Web Developer,"Coventry, England",£29K - £43K (Employer Est.),[]
187,Junior Frontend Web Developer,"Lowestoft, England",£15K - £24K (Employer Est.),"['frontend', 'html', 'react']"
188,Junior Front End Developer,"Urmston, England",£41K - £48K (Glassdoor Est.),"['frontend', 'html', 'css', 'javascript', 'java', 'vue', 'node']"
189,Junior Web Designer/Developer,"Hereford, England",£20K - £25K (Employer Est.),[]
190,Web Designer & Developer,Remote,£27K - £30K (Employer Est.),"['html', 'css']"
191,Wordpress Web Designer Volunteer for Charitable Organization,Remote,NA,[]
192,Web Designer & Developer volunteer,"Birmingham, England",NA,[]
193,JUNIOR FRONT END DEVELOPER - EMEA,"London, England",£34K - £41K (Glassdoor Est.),['testing']
194,Junior Web Developer,"London, England",£22K - £25K (Employer Est.),"['html', 'css']"
195,Frontend Developer,"Bristol, England",£40K - £53K (Employer Est.),[]
196,Wordpress Developer,Remote,£9.18 - £9.50 Per Hour(Employer Est.),"['html', 'css']"
197,Junior Software Engineer - Frontend,"Royal Leamington Spa, England",£33K - £44K (Glassdoor Est.),['frontend']
198,"WordPress Developer – PHP, HTML, CSS","Northampton, England",£35K (Employer Est.),"['frontend', 'html', 'css']"
199,Junior Web Developer,"Clitheroe, England",£24K - £28K (Employer Est.),[]
200,Front End Developer (Interactive Learning),"Oxford, England",£31K - £36K (Employer Est.),"['frontend', 'html', 'javascript', 'java', 'express']"
201,Junior Web Developer,"Havant, England",£19K - £25K (Employer Est.),['react']
202,Front End Developer Internship,"Bristol, England",NA,[]
203,Front End Developer,"Bournemouth, England",NA,['frontend']
204,Frontend Developer,"Belfast, Northern Ireland",£30K - £40K (Glassdoor Est.),['frontend']
205,Graduate Frontend Developer,"London, England",£54K - £85K (Glassdoor Est.),"['frontend', 'cloud']"
206,Junior Front-End Developer,"London, England",£25K - £30K (Employer Est.),[]
207,Front End Developer,United Kingdom,£19.00 - £20.70 Per Hour(Employer Est.),['frontend']
208,Assistant Frontend Web Developer (2 posts),"Huddersfield, England",£25K - £28K (Employer Est.),['frontend']
209,Junior Web Developer,Remote,£30K - £40K (Employer Est.),[]
210,Junior Web Developer,United Kingdom,£32K - £42K (Employer Est.),"['html', 'css', 'javascript', 'testing', 'java', 'sql']"
211,Web Designer & Developer,Remote,£500 (Employer Est.),[]
212,HTML & CSS Developer,"Ossington, England",£15K - £16K (Employer Est.),[]
213,Junior Website Developer,"Bournemouth, England",£20K - £30K (Employer Est.),"['backend', 'html', 'css', 'javascript', 'java', 'sass', 'sql']"
214,Frontend Developer (Vue/React),"Nottingham, England",£25K - £35K (Employer Est.),"['frontend', 'html', 'css', 'javascript', 'java']"
215,Junior Web Designer/Developer,"Hereford, England",£20K - £25K (Employer Est.),[]
216,Junior WordPress Developer,"Northampton, England",£33K - £35K (Employer Est.),"['html', 'css', 'javascript', 'testing', 'java']"
217,Front End Web Developer,"Coventry, England",£29K - £43K (Employer Est.),[]
218,Junior Frontend Web Developer,"Lowestoft, England",£15K - £24K (Employer Est.),"['frontend', 'html', 'react']"
219,Junior Web Developer,"London, England",£22K - £25K (Employer Est.),"['html', 'css']"
220,Web Designer & Developer,Remote,£27K - £30K (Employer Est.),"['html', 'css']"
221,Wordpress Web Designer Volunteer for Charitable Organization,Remote,NA,[]
222,Frontend Developer,"Bristol, England",£40K - £53K (Employer Est.),[]
223,Web Designer & Developer volunteer,"Birmingham, England",NA,[]
224,Volunteer Web Developers / Graphic Designers,"Edinburgh, Scotland",NA,"['html', 'css']"
225,Front End Developer,"Bournemouth, England",NA,['frontend']
226,Wordpress Developer,Remote,£9.18 - £9.50 Per Hour(Employer Est.),"['html', 'css']"
227,Junior Front End Developer,"Urmston, England",£41K - £48K (Glassdoor Est.),"['frontend', 'html', 'css', 'javascript', 'java', 'vue', 'node']"
228,Junior Web Developer,"Havant, England",£19K - £25K (Employer Est.),['react']
229,JUNIOR FRONT END DEVELOPER - EMEA,"London, England",£34K - £41K (Glassdoor Est.),['testing']
230,Wordpress Developer/Graphic Designer,"Norwich, England",£18K - £23K (Employer Est.),"['html', 'css', 'javascript', 'java']"
231,Junior Web Developer,"Clitheroe, England",£24K - £28K (Employer Est.),[]
232,Frontend Developer,"Belfast, Northern Ireland",£30K - £40K (Glassdoor Est.),['frontend']
233,"WordPress Developer – PHP, HTML, CSS","Northampton, England",£35K (Employer Est.),"['frontend', 'html', 'css']"
234,Graduate Frontend Developer,"London, England",£54K - £85K (Glassdoor Est.),"['frontend', 'cloud']"
235,Junior Web Developer,Remote,£30K - £40K (Employer Est.),[]
236,Front End Developer (Interactive Learning),"Oxford, England",£31K - £36K (Employer Est.),"['frontend', 'html', 'javascript', 'java', 'express']"
237,Frontend Developer,Remote,NA,['frontend']
238,Junior Software Engineer - Frontend,"Royal Leamington Spa, England",£33K - £44K (Glassdoor Est.),['frontend']
239,Junior Front-End Developer,"London, England",£25K - £30K (Employer Est.),[]
240,Junior Web Developer,United Kingdom,£32K - £42K (Employer Est.),"['html', 'css', 'javascript', 'testing', 'java', 'sql']"
241,Web Designer & Developer,Remote,£500 (Employer Est.),[]
242,HTML & CSS Developer,"Ossington, England",£15K - £16K (Employer Est.),[]
243,Junior Website Developer,"Bournemouth, England",£20K - £30K (Employer Est.),"['backend', 'html', 'css', 'javascript', 'java', 'sass', 'sql']"
244,Junior Frontend Web Developer,"Lowestoft, England",£15K - £24K (Employer Est.),"['frontend', 'html', 'react']"
245,Front End Web Developer,"Coventry, England",£29K - £43K (Employer Est.),[]
246,Frontend Developer (Vue/React),"Nottingham, England",£25K - £35K (Employer Est.),"['frontend', 'html', 'css', 'javascript', 'java']"
247,Junior WordPress Developer,"Northampton, England",£33K - £35K (Employer Est.),"['html', 'css', 'javascript', 'testing', 'java']"
248,Junior Web Designer/Developer,"Hereford, England",£20K - £25K (Employer Est.),[]
249,Junior Web Developer,"Clitheroe, England",£24K - £28K (Employer Est.),[]
250,Volunteer Web Developers / Graphic Designers,"Edinburgh, Scotland",NA,"['html', 'css']"
251,Junior Web Developer,"London, England",£22K - £25K (Employer Est.),"['html', 'css']"
252,Front End Developer,"Bournemouth, England",NA,['frontend']
253,Assistant Frontend Web Developer (2 posts),"Huddersfield, England",£25K - £28K (Employer Est.),['frontend']
254,Junior Web Developer,"Havant, England",£19K - £25K (Employer Est.),['react']
255,Frontend Developer,"Belfast, Northern Ireland",£30K - £40K (Glassdoor Est.),['frontend']
256,Wordpress Developer/Graphic Designer,"Norwich, England",£18K - £23K (Employer Est.),"['html', 'css', 'javascript', 'java']"
257,Wordpress Web Designer Volunteer for Charitable Organization,Remote,NA,[]
258,Junior Front End Developer,"Urmston, England",£41K - £48K (Glassdoor Est.),"['frontend', 'html', 'css', 'javascript', 'java', 'vue', 'node']"
259,Graduate Frontend Developer,"London, England",£54K - £85K (Glassdoor Est.),"['frontend', 'cloud']"
260,JUNIOR FRONT END DEVELOPER - EMEA,"London, England",£34K - £41K (Glassdoor Est.),['testing']
261,Frontend Developer,"Bristol, England",£40K - £53K (Employer Est.),[]
262,Web Designer & Developer,Remote,£27K - £30K (Employer Est.),"['html', 'css']"
263,Web Designer & Developer volunteer,"Birmingham, England",NA,[]
264,Wordpress Developer,Remote,£9.18 - £9.50 Per Hour(Employer Est.),"['html', 'css']"
265,"WordPress Developer – PHP, HTML, CSS","Northampton, England",£35K (Employer Est.),"['frontend', 'html', 'css']"
266,Junior Software Engineer - Frontend,"Royal Leamington Spa, England",£33K - £44K (Glassdoor Est.),['frontend']
267,Web Designer & Developer,"Manchester, England",£1K (Employer Est.),[]
268,Front End Developer Internship,"Bristol, England",NA,[]
269,Junior Website Developer,,£30K (Employer Est.),[]
270,Junior Web Developer,United Kingdom,£32K - £42K (Employer Est.),"['html', 'css', 'javascript', 'testing', 'java', 'sql']"
271,Web Designer & Developer,Remote,£500 (Employer Est.),[]
272,Junior Software Engineer - Frontend,"Royal Leamington Spa, England",£33K - £44K (Glassdoor Est.),['frontend']
273,Front End Web Developer,"Coventry, England",£29K - £43K (Employer Est.),[]
274,HTML & CSS Developer,"Ossington, England",£15K - £16K (Employer Est.),[]
275,Junior Frontend Web Developer,"Lowestoft, England",£15K - £24K (Employer Est.),"['frontend', 'html', 'react']"
276,Junior Website Developer,"Bournemouth, England",£20K - £30K (Employer Est.),"['backend', 'html', 'css', 'javascript', 'java', 'sass', 'sql']"
277,Frontend Developer (Vue/React),"Nottingham, England",£25K - £35K (Employer Est.),"['frontend', 'html', 'css', 'javascript', 'java']"
278,Junior Web Developer,"London, England",£22K - £25K (Employer Est.),"['html', 'css']"
279,Junior Web Designer/Developer,"Hereford, England",£20K - £25K (Employer Est.),[]
280,Junior WordPress Developer,"Northampton, England",£33K - £35K (Employer Est.),"['html', 'css', 'javascript', 'testing', 'java']"
281,Junior Web Developer,"Clitheroe, England",£24K - £28K (Employer Est.),[]
282,Assistant Frontend Web Developer (2 posts),"Huddersfield, England",£25K - £28K (Employer Est.),['frontend']
283,Wordpress Web Designer Volunteer for Charitable Organization,Remote,NA,[]
284,Frontend Developer,"Bristol, England",£40K - £53K (Employer Est.),[]
285,Frontend Developer,"Belfast, Northern Ireland",£30K - £40K (Glassdoor Est.),['frontend']
286,JUNIOR FRONT END DEVELOPER - EMEA,"London, England",£34K - £41K (Glassdoor Est.),['testing']
287,Volunteer Web Developers / Graphic Designers,"Edinburgh, Scotland",NA,"['html', 'css']"
288,Front End Developer Internship,"Bristol, England",NA,[]
289,Front End Developer,"Bournemouth, England",NA,['frontend']
290,Junior Web Developer,"Havant, England",£19K - £25K (Employer Est.),['react']
291,Junior Front End Developer,"Urmston, England",£41K - £48K (Glassdoor Est.),"['frontend', 'html', 'css', 'javascript', 'java', 'vue', 'node']"
292,Junior Website Developer,,£30K (Employer Est.),[]
293,Graduate Frontend Developer,"London, England",£54K - £85K (Glassdoor Est.),"['frontend', 'cloud']"
294,Junior Developer - JavaScript / React,"Bristol, England",£41K - £70K (Glassdoor Est.),"['testing', 'java']"
295,Web Designer & Developer volunteer,"Birmingham, England",NA,[]
296,Wordpress Developer/Graphic Designer,"Norwich, England",£18K - £23K (Employer Est.),"['html', 'css', 'javascript', 'java']"
297,Junior Front-End Developer,"London, England",£25K - £30K (Employer Est.),[]
298,Junior Web Developer,Remote,£30K - £40K (Employer Est.),[]
299,Web Designer & Developer,Remote,£27K - £30K (Employer Est.),"['html', 'css']"
300,Junior Web Developer,United Kingdom,£32K - £42K (Employer Est.),"['html', 'css', 'javascript', 'testing', 'java', 'sql']"
301,Web Designer & Developer,Remote,£500 (Employer Est.),[]
302,Junior Website Developer,"Bournemouth, England",£20K - £30K (Employer Est.),"['backend', 'html', 'css', 'javascript', 'java', 'sass', 'sql']"
303,Junior Frontend Web Developer,"Lowestoft, England",£15K - £24K (Employer Est.),"['frontend', 'html', 'react']"
304,Junior Web Designer/Developer,"Hereford, England",£20K - £25K (Employer Est.),[]
305,Front End Web Developer,"Coventry, England",£29K - £43K (Employer Est.),[]
306,HTML & CSS Developer,"Ossington, England",£15K - £16K (Employer Est.),[]
307,Wordpress Developer/Graphic Designer,"Norwich, England",£18K - £23K (Employer Est.),"['html', 'css', 'javascript', 'java']"
308,Junior Software Engineer - Frontend,"Royal Leamington Spa, England",£33K - £44K (Glassdoor Est.),['frontend']
309,Volunteer Web Developers / Graphic Designers,"Edinburgh, Scotland",NA,"['html', 'css']"
310,Junior WordPress Developer,"Northampton, England",£33K - £35K (Employer Est.),"['html', 'css', 'javascript', 'testing', 'java']"
311,Frontend Developer (Vue/React),"Nottingham, England",£25K - £35K (Employer Est.),"['frontend', 'html', 'css', 'javascript', 'java']"
312,Junior Web Developer,"London, England",£22K - £25K (Employer Est.),"['html', 'css']"
313,JUNIOR FRONT END DEVELOPER - EMEA,"London, England",£34K - £41K (Glassdoor Est.),['testing']
314,Wordpress Web Designer Volunteer for Charitable Organization,Remote,NA,[]
315,Front End Developer,"Bournemouth, England",NA,['frontend']
316,Web Designer & Developer,"Manchester, England",£1K (Employer Est.),[]
317,Junior Web Developer,"Havant, England",£19K - £25K (Employer Est.),['react']
318,Front End Developer Internship,"Bristol, England",NA,[]
319,Assistant Frontend Web Developer (2 posts),"Huddersfield, England",£25K - £28K (Employer Est.),['frontend']
320,Front End Developer (Interactive Learning),"Oxford, England",£31K - £36K (Employer Est.),"['frontend', 'html', 'javascript', 'java', 'express']"
321,Junior Web Developer,"Clitheroe, England",£24K - £28K (Employer Est.),[]
322,Web Designer & Developer volunteer,"Birmingham, England",NA,[]
323,Junior Front End Developer,"Urmston, England",£41K - £48K (Glassdoor Est.),"['frontend', 'html', 'css', 'javascript', 'java', 'vue', 'node']"
324,Frontend Developer,"Bristol, England",£40K - £53K (Employer Est.),[]
325,Frontend Developer,"Belfast, Northern Ireland",£30K - £40K (Glassdoor Est.),['frontend']
326,Junior Website Developer,,£30K (Employer Est.),[]
327,Junior Website Designer & Developer,"Thatcham, England",£18K - £24K (Employer Est.),[]
328,Wordpress Developer,Remote,£9.18 - £9.50 Per Hour(Employer Est.),"['html', 'css']"
329,Junior Web Developer,Remote,£30K - £40K (Employer Est.),[]
330,Junior Web Developer,United Kingdom,£32K - £42K (Employer Est.),"['html', 'css', 'javascript', 'testing', 'java', 'sql']"
331,Web Designer & Developer,Remote,£500 (Employer Est.),[]
332,Junior Website Developer,"Bournemouth, England",£20K - £30K (Employer Est.),"['backend', 'html', 'css', 'javascript', 'java', 'sass', 'sql']"
333,Junior Frontend Web Developer,"Lowestoft, England",£15K - £24K (Employer Est.),"['frontend', 'html', 'react']"
334,Junior Web Designer/Developer,"Hereford, England",£20K - £25K (Employer Est.),[]
335,Front End Web Developer,"Coventry, England",£29K - £43K (Employer Est.),[]
336,HTML & CSS Developer,"Ossington, England",£15K - £16K (Employer Est.),[]
337,Wordpress Developer/Graphic Designer,"Norwich, England",£18K - £23K (Employer Est.),"['html', 'css', 'javascript', 'java']"
338,Junior Software Engineer - Frontend,"Royal Leamington Spa, England",£33K - £44K (Glassdoor Est.),['frontend']
339,Volunteer Web Developers / Graphic Designers,"Edinburgh, Scotland",NA,"['html', 'css']"
340,Junior WordPress Developer,"Northampton, England",£33K - £35K (Employer Est.),"['html', 'css', 'javascript', 'testing', 'java']"
341,Frontend Developer (Vue/React),"Nottingham, England",£25K - £35K (Employer Est.),"['frontend', 'html', 'css', 'javascript', 'java']"
342,Junior Web Developer,"London, England",£22K - £25K (Employer Est.),"['html', 'css']"
343,JUNIOR FRONT END DEVELOPER - EMEA,"London, England",£34K - £41K (Glassdoor Est.),['testing']
344,Wordpress Web Designer Volunteer for Charitable Organization,Remote,NA,[]
345,Front End Developer,"Bournemouth, England",NA,['frontend']
346,Web Designer & Developer,"Manchester, England",£1K (Employer Est.),[]
347,Junior Web Developer,"Havant, England",£19K - £25K (Employer Est.),['react']
348,Front End Developer Internship,"Bristol, England",NA,[]
349,Assistant Frontend Web Developer (2 posts),"Huddersfield, England",£25K - £28K (Employer Est.),['frontend']
350,Front End Developer (Interactive Learning),"Oxford, England",£31K - £36K (Employer Est.),"['frontend', 'html', 'javascript', 'java', 'express']"
351,Junior Web Developer,"Clitheroe, England",£24K - £28K (Employer Est.),[]
352,Web Designer & Developer volunteer,"Birmingham, England",NA,[]
353,Junior Front End Developer,"Urmston, England",£41K - £48K (Glassdoor Est.),"['frontend', 'html', 'css', 'javascript', 'java', 'vue', 'node']"
354,Frontend Developer,"Bristol, England",£40K - £53K (Employer Est.),[]
355,Frontend Developer,"Belfast, Northern Ireland",£30K - £40K (Glassdoor Est.),['frontend']
356,Junior Website Developer,,£30K (Employer Est.),[]
357,Junior Website Designer & Developer,"Thatcham, England",£18K - £24K (Employer Est.),[]
358,Wordpress Developer,Remote,£9.18 - £9.50 Per Hour(Employer Est.),"['html', 'css']"
359,Junior Web Developer,Remote,£30K - £40K (Employer Est.),[]
360,Junior Web Developer,United Kingdom,£32K - £42K (Employer Est.),"['html', 'css', 'javascript', 'testing', 'java', 'sql']"
361,Web Designer & Developer,Remote,£500 (Employer Est.),[]
362,Junior Website Developer,"Bournemouth, England",£20K - £30K (Employer Est.),"['backend', 'html', 'css', 'javascript', 'java', 'sass', 'sql']"
363,Junior Frontend Web Developer,"Lowestoft, England",£15K - £24K (Employer Est.),"['frontend', 'html', 'react']"
364,Junior Web Designer/Developer,"Hereford, England",£20K - £25K (Employer Est.),[]
365,HTML & CSS Developer,"Ossington, England",£15K - £16K (Employer Est.),[]
366,Front End Web Developer,"Coventry, England",£29K - £43K (Employer Est.),[]
367,Volunteer Web Developers / Graphic Designers,"Edinburgh, Scotland",NA,"['html', 'css']"
368,Wordpress Developer/Graphic Designer,"Norwich, England",£18K - £23K (Employer Est.),"['html', 'css', 'javascript', 'java']"
369,JUNIOR FRONT END DEVELOPER - EMEA,"London, England",£34K - £41K (Glassdoor Est.),['testing']
370,Junior Software Engineer - Frontend,"Royal Leamington Spa, England",£33K - £44K (Glassdoor Est.),['frontend']
371,Frontend Developer (Vue/React),"Nottingham, England",£25K - £35K (Employer Est.),"['frontend', 'html', 'css', 'javascript', 'java']"
372,Front End Developer,"Bournemouth, England",NA,['frontend']
373,Junior Web Developer,"London, England",£22K - £25K (Employer Est.),"['html', 'css']"
374,Junior WordPress Developer,"Northampton, England",£33K - £35K (Employer Est.),"['html', 'css', 'javascript', 'testing', 'java']"
375,Wordpress Web Designer Volunteer for Charitable Organization,Remote,NA,[]
376,Junior Web Developer,"Havant, England",£19K - £25K (Employer Est.),['react']
377,Web Designer & Developer,"Manchester, England",£1K (Employer Est.),[]
378,Junior Website Developer,,£30K (Employer Est.),[]
379,Frontend Developer,"Bristol, England",£40K - £53K (Employer Est.),[]
380,Front End Developer (Interactive Learning),"Oxford, England",£31K - £36K (Employer Est.),"['frontend', 'html', 'javascript', 'java', 'express']"
381,Junior Web Developer,"Clitheroe, England",£24K - £28K (Employer Est.),[]
382,Junior Front End Developer,"Urmston, England",£41K - £48K (Glassdoor Est.),"['frontend', 'html', 'css', 'javascript', 'java', 'vue', 'node']"
383,Frontend Developer,"Belfast, Northern Ireland",£30K - £40K (Glassdoor Est.),['frontend']
384,Assistant Frontend Web Developer (2 posts),"Huddersfield, England",£25K - £28K (Employer Est.),['frontend']
385,Front End Developer Internship,"Bristol, England",NA,[]
386,Web Designer & Developer,Remote,£27K - £30K (Employer Est.),"['html', 'css']"
387,Junior Website Designer & Developer,"Thatcham, England",£18K - £24K (Employer Est.),[]
388,Web Designer & Developer volunteer,"Birmingham, England",NA,[]
389,Junior Web Developer,Remote,£30K - £40K (Employer Est.),[]
390,Junior Web Developer,United Kingdom,£32K - £42K (Employer Est.),"['html', 'css', 'javascript', 'testing', 'java', 'sql']"
391,Web Designer & Developer,Remote,£500 (Employer Est.),[]
392,Junior Frontend Web Developer,"Lowestoft, England",£15K - £24K (Employer Est.),"['frontend', 'html', 'react']"
393,Junior Website Developer,"Bournemouth, England",£20K - £30K (Employer Est.),"['backend', 'html', 'css', 'javascript', 'java', 'sass', 'sql']"
394,Junior Web Designer/Developer,"Hereford, England",£20K - £25K (Employer Est.),[]
395,Front End Web Developer,"Coventry, England",£29K - £43K (Employer Est.),[]
396,Wordpress Developer/Graphic Designer,"Norwich, England",£18K - £23K (Employer Est.),"['html', 'css', 'javascript', 'java']"
397,HTML & CSS Developer,"Ossington, England",£15K - £16K (Employer Est.),[]
398,Frontend Developer (Vue/React),"Nottingham, England",£25K - £35K (Employer Est.),"['frontend', 'html', 'css', 'javascript', 'java']"
399,Junior Software Engineer - Frontend,"Royal Leamington Spa, England",£33K - £44K (Glassdoor Est.),['frontend']
400,JUNIOR FRONT END DEVELOPER - EMEA,"London, England",£34K - £41K (Glassdoor Est.),['testing']
401,Junior WordPress Developer,"Northampton, England",£33K - £35K (Employer Est.),"['html', 'css', 'javascript', 'testing', 'java']"
402,Volunteer Web Developers / Graphic Designers,"Edinburgh, Scotland",NA,"['html', 'css']"
403,Junior Web Developer,"Havant, England",£19K - £25K (Employer Est.),['react']
404,Front End Developer,"Bournemouth, England",NA,['frontend']
405,Junior Web Developer,"London, England",£22K - £25K (Employer Est.),"['html', 'css']"
406,Assistant Frontend Web Developer (2 posts),"Huddersfield, England",£25K - £28K (Employer Est.),['frontend']
407,Junior Web Developer,"Clitheroe, England",£24K - £28K (Employer Est.),[]
408,Web Designer & Developer,"Manchester, England",£1K (Employer Est.),[]
409,Frontend Developer,"Bristol, England",£40K - £53K (Employer Est.),[]
410,Junior Website Developer,,£30K (Employer Est.),[]
411,Front End Developer Internship,"Bristol, England",NA,[]
412,Junior Front End Developer,"Urmston, England",£41K - £48K (Glassdoor Est.),"['frontend', 'html', 'css', 'javascript', 'java', 'vue', 'node']"
413,Wordpress Web Designer Volunteer for Charitable Organization,Remote,NA,[]
414,Frontend Developer,"Belfast, Northern Ireland",£30K - £40K (Glassdoor Est.),['frontend']
415,Wordpress Developer,Remote,£9.18 - £9.50 Per Hour(Employer Est.),"['html', 'css']"
416,Front End Developer (Interactive Learning),"Oxford, England",£31K - £36K (Employer Est.),"['frontend', 'html', 'javascript', 'java', 'express']"
417,Web Designer & Developer,Remote,£27K - £30K (Employer Est.),"['html', 'css']"
418,Graduate Frontend Developer,"London, England",£54K - £85K (Glassdoor Est.),"['frontend', 'cloud']"
419,Web Designer/Developer,"London, England",£25K - £28K (Employer Est.),[]
420,Junior Web Developer,United Kingdom,£32K - £42K (Employer Est.),"['html', 'css', 'javascript', 'testing', 'java', 'sql']"
421,Web Designer & Developer,Remote,£500 (Employer Est.),[]
422,Junior Frontend Web Developer,"Lowestoft, England",£15K - £24K (Employer Est.),"['frontend', 'html', 'react']"
423,Junior Website Developer,"Bournemouth, England",£20K - £30K (Employer Est.),"['backend', 'html', 'css', 'javascript', 'java', 'sass', 'sql']"
424,Junior Web Designer/Developer,"Hereford, England",£20K - £25K (Employer Est.),[]
425,Front End Web Developer,"Coventry, England",£29K - £43K (Employer Est.),[]
426,Wordpress Developer/Graphic Designer,"Norwich, England",£18K - £23K (Employer Est.),"['html', 'css', 'javascript', 'java']"
427,HTML & CSS Developer,"Ossington, England",£15K - £16K (Employer Est.),[]
428,Frontend Developer (Vue/React),"Nottingham, England",£25K - £35K (Employer Est.),"['frontend', 'html', 'css', 'javascript', 'java']"
429,Junior Software Engineer - Frontend,"Royal Leamington Spa, England",£33K - £44K (Glassdoor Est.),['frontend']
430,JUNIOR FRONT END DEVELOPER - EMEA,"London, England",£34K - £41K (Glassdoor Est.),['testing']
431,Junior WordPress Developer,"Northampton, England",£33K - £35K (Employer Est.),"['html', 'css', 'javascript', 'testing', 'java']"
432,Volunteer Web Developers / Graphic Designers,"Edinburgh, Scotland",NA,"['html', 'css']"
433,Junior Web Developer,"Havant, England",£19K - £25K (Employer Est.),['react']
434,Front End Developer,"Bournemouth, England",NA,['frontend']
435,Assistant Frontend Web Developer (2 posts),"Huddersfield, England",£25K - £28K (Employer Est.),['frontend']
436,Junior Web Developer,"London, England",£22K - £25K (Employer Est.),"['html', 'css']"
437,Web Designer & Developer,"Manchester, England",£1K (Employer Est.),[]
438,Frontend Developer,"Bristol, England",£40K - £53K (Employer Est.),[]
439,Junior Web Developer,"Clitheroe, England",£24K - £28K (Employer Est.),[]
440,Junior Website Developer,,£30K (Employer Est.),[]
441,Front End Developer Internship,"Bristol, England",NA,[]
442,Junior Front End Developer,"Urmston, England",£41K - £48K (Glassdoor Est.),"['frontend', 'html', 'css', 'javascript', 'java', 'vue', 'node']"
443,Wordpress Web Designer Volunteer for Charitable Organization,Remote,NA,[]
444,Frontend Developer,"Belfast, Northern Ireland",£30K - £40K (Glassdoor Est.),['frontend']
445,Front End Developer (Interactive Learning),"Oxford, England",£31K - £36K (Employer Est.),"['frontend', 'html', 'javascript', 'java', 'express']"
446,Web Designer & Developer,Remote,£27K - £30K (Employer Est.),"['html', 'css']"
447,Wordpress Developer,Remote,£9.18 - £9.50 Per Hour(Employer Est.),"['html', 'css']"
448,Graduate Frontend Developer,"London, England",£54K - £85K (Glassdoor Est.),"['frontend', 'cloud']"
449,Junior Developer - JavaScript / React,"Bristol, England",£41K - £70K (Glassdoor Est.),"['testing', 'java']"
450,Junior Web Developer,United Kingdom,£32K - £42K (Employer Est.),"['html', 'css', 'javascript', 'testing', 'java', 'sql']"
451,Junior Frontend Web Developer,"Lowestoft, England",£15K - £24K (Employer Est.),"['frontend', 'html', 'react']"
452,Web Designer & Developer,Remote,£500 (Employer Est.),[]
453,Junior Website Developer,"Bournemouth, England",£20K - £30K (Employer Est.),"['backend', 'html', 'css', 'javascript', 'java', 'sass', 'sql']"
454,Junior Web Designer/Developer,"Hereford, England",£20K - £25K (Employer Est.),[]
455,Front End Web Developer,"Coventry, England",£29K - £43K (Employer Est.),[]
456,HTML & CSS Developer,"Ossington, England",£15K - £16K (Employer Est.),[]
457,Wordpress Developer/Graphic Designer,"Norwich, England",£18K - £23K (Employer Est.),"['html', 'css', 'javascript', 'java']"
458,Front End Developer,"Bournemouth, England",NA,['frontend']
459,Junior Software Engineer - Frontend,"Royal Leamington Spa, England",£33K - £44K (Glassdoor Est.),['frontend']
460,Frontend Developer (Vue/React),"Nottingham, England",£25K - £35K (Employer Est.),"['frontend', 'html', 'css', 'javascript', 'java']"
461,Junior Web Developer,"Havant, England",£19K - £25K (Employer Est.),['react']
462,Junior WordPress Developer,"Northampton, England",£33K - £35K (Employer Est.),"['html', 'css', 'javascript', 'testing', 'java']"
463,Volunteer Web Developers / Graphic Designers,"Edinburgh, Scotland",NA,"['html', 'css']"
464,JUNIOR FRONT END DEVELOPER - EMEA,"London, England",£34K - £41K (Glassdoor Est.),['testing']
465,Assistant Frontend Web Developer (2 posts),"Huddersfield, England",£25K - £28K (Employer Est.),['frontend']
466,Frontend Developer,"Bristol, England",£40K - £53K (Employer Est.),[]
467,Front End Developer Internship,"Bristol, England",NA,[]
468,Web Designer & Developer,"Manchester, England",£1K (Employer Est.),[]
469,Junior Web Developer,"Clitheroe, England",£24K - £28K (Employer Est.),[]
470,Frontend Developer,"Belfast, Northern Ireland",£30K - £40K (Glassdoor Est.),['frontend']
471,Wordpress Web Designer Volunteer for Charitable Organization,Remote,NA,[]
472,Front End Developer (Interactive Learning),"Oxford, England",£31K - £36K (Employer Est.),"['frontend', 'html', 'javascript', 'java', 'express']"
473,Junior Front End Developer,"Urmston, England",£41K - £48K (Glassdoor Est.),"['frontend', 'html', 'css', 'javascript', 'java', 'vue', 'node']"
474,Junior Website Developer,,£30K (Employer Est.),[]
475,Web Designer & Developer,Remote,£27K - £30K (Employer Est.),"['html', 'css']"
476,Junior Developer - JavaScript / React,"Bristol, England",£41K - £70K (Glassdoor Est.),"['testing', 'java']"
477,Web Designer & Developer volunteer,"Birmingham, England",NA,[]
478,Wordpress Developer,Remote,£9.18 - £9.50 Per Hour(Employer Est.),"['html', 'css']"
479,Frontend Developer - Spain (Remote),Remote,NA,"['frontend', 'cloud', 'react']"
480,Junior Web Developer,United Kingdom,£32K - £42K (Employer Est.),"['html', 'css', 'javascript', 'testing', 'java', 'sql']"
481,Front End Web Developer,"Coventry, England",£29K - £43K (Employer Est.),"['html', 'css', 'javascript', 'testing', 'java', 'sql']"
482,Junior Website Developer,"Bournemouth, England",£20K - £30K (Employer Est.),"['backend', 'html', 'css', 'javascript', 'java', 'sass', 'sql']"
483,Junior Web Designer/Developer,"Hereford, England",£20K - £25K (Employer Est.),[]
484,Junior Frontend Web Developer,"Lowestoft, England",£15K - £24K (Employer Est.),"['frontend', 'html', 'react']"
485,Web Designer & Developer,Remote,£500 (Employer Est.),[]
486,HTML & CSS Developer,"Ossington, England",£15K - £16K (Employer Est.),[]
487,Front End Developer (Interactive Learning),"Oxford, England",£31K - £36K (Employer Est.),"['frontend', 'html', 'javascript', 'java', 'express']"
488,Junior Software Engineer - Frontend,"Royal Leamington Spa, England",£33K - £44K (Glassdoor Est.),['frontend']
489,Wordpress Developer/Graphic Designer,"Norwich, England",£18K - £23K (Employer Est.),"['html', 'css', 'javascript', 'java']"
490,Junior WordPress Developer,"Northampton, England",£33K - £35K (Employer Est.),"['html', 'css', 'javascript', 'testing', 'java']"
491,Front End Developer,"Bournemouth, England",NA,['frontend']
492,Frontend Developer (Vue/React),"Nottingham, England",£25K - £35K (Employer Est.),"['frontend', 'html', 'css', 'javascript', 'java']"
493,Junior Web Developer,"Clitheroe, England",£24K - £28K (Employer Est.),[]
494,Assistant Frontend Web Developer (2 posts),"Huddersfield, England",£25K - £28K (Employer Est.),['frontend']
495,Junior Web Developer,"Havant, England",£19K - £25K (Employer Est.),['react']
496,JUNIOR FRONT END DEVELOPER - EMEA,"London, England",£34K - £41K (Glassdoor Est.),['testing']
497,Wordpress Web Designer Volunteer for Charitable Organization,Remote,NA,[]
498,Frontend Developer,"Bristol, England",£40K - £53K (Employer Est.),[]
499,Volunteer Web Developers / Graphic Designers,"Edinburgh, Scotland",NA,"['html', 'css']"
500,Front End Developer Internship,"Bristol, England",NA,[]
501,Junior Website Developer,,£30K (Employer Est.),[]
502,Junior Web Developer,"London, England",£22K - £25K (Employer Est.),"['html', 'css']"
503,Junior Front End Developer,"Urmston, England",£41K - £48K (Glassdoor Est.),"['frontend', 'html', 'css', 'javascript', 'java', 'vue', 'node']"
504,Frontend Developer - Spain (Remote),Remote,NA,"['frontend', 'cloud', 'react']"
505,Frontend Developer,"Belfast, Northern Ireland",£30K - £40K (Glassdoor Est.),['frontend']
506,Junior Developer - JavaScript / React,"Bristol, England",£41K - £70K (Glassdoor Est.),"['testing', 'java']"
507,Web Designer & Developer volunteer,"Birmingham, England",NA,[]
508,Web Designer & Developer,"Manchester, England",£1K (Employer Est.),[]
509,Wordpress Developer,Remote,£9.18 - £9.50 Per Hour(Employer Est.),"['html', 'css']"
510,Junior Web Developer,United Kingdom,£32K - £42K (Employer Est.),"['html', 'css', 'javascript', 'testing', 'java', 'sql']"
511,Front End Web Developer,"Coventry, England",£29K - £43K (Employer Est.),[]
512,Junior Website Developer,"Bournemouth, England",£20K - £30K (Employer Est.),"['backend', 'html', 'css', 'javascript', 'java', 'sass', 'sql']"
513,Junior Web Designer/Developer,"Hereford, England",£20K - £25K (Employer Est.),[]
514,Web Designer & Developer,Remote,£500 (Employer Est.),[]
515,Junior Frontend Web Developer,"Lowestoft, England",£15K - £24K (Employer Est.),"['frontend', 'html', 'react']"
516,HTML & CSS Developer,"Ossington, England",£15K - £16K (Employer Est.),[]
517,Front End Developer (Interactive Learning),"Oxford, England",£31K - £36K (Employer Est.),"['frontend', 'html', 'javascript', 'java', 'express']"
518,Frontend Developer (Vue/React),"Nottingham, England",£25K - £35K (Employer Est.),"['frontend', 'html', 'css', 'javascript', 'java']"
519,Front End Developer,"Bournemouth, England",NA,['frontend']
520,Wordpress Developer/Graphic Designer,"Norwich, England",£18K - £23K (Employer Est.),"['html', 'css', 'javascript', 'java']"
521,Junior WordPress Developer,"Northampton, England",£33K - £35K (Employer Est.),"['html', 'css', 'javascript', 'testing', 'java']"
522,Junior Software Engineer - Frontend,"Royal Leamington Spa, England",£33K - £44K (Glassdoor Est.),['frontend']
523,JUNIOR FRONT END DEVELOPER - EMEA,"London, England",£34K - £41K (Glassdoor Est.),['testing']
524,Junior Web Developer,"Havant, England",£19K - £25K (Employer Est.),['react']
525,Frontend Developer,"Bristol, England",£40K - £53K (Employer Est.),[]
526,Assistant Frontend Web Developer (2 posts),"Huddersfield, England",£25K - £28K (Employer Est.),['frontend']
527,Junior Web Developer,"Clitheroe, England",£24K - £28K (Employer Est.),[]
528,Volunteer Web Developers / Graphic Designers,"Edinburgh, Scotland",NA,"['html', 'css']"
529,Wordpress Web Designer Volunteer for Charitable Organization,Remote,NA,[]
530,Junior Website Developer,,£30K (Employer Est.),[]
531,Front End Developer Internship,"Bristol, England",NA,[]
532,Frontend Developer - Spain (Remote),Remote,NA,"['frontend', 'cloud', 'react']"
533,Junior Web Developer,"London, England",£22K - £25K (Employer Est.),"['html', 'css']"
534,Frontend Developer,"Belfast, Northern Ireland",£30K - £40K (Glassdoor Est.),['frontend']
535,Junior Front End Developer,"Urmston, England",£41K - £48K (Glassdoor Est.),"['frontend', 'html', 'css', 'javascript', 'java', 'vue', 'node']"
536,Junior Developer - JavaScript / React,"Bristol, England",£41K - £70K (Glassdoor Est.),"['testing', 'java']"
537,Web Designer & Developer,"Manchester, England",£1K (Employer Est.),[]
538,Frontend Javascript Developer,"Portsmouth, South East England, England",£30K - £55K (Employer Est.),['frontend']
539,Web Developer,,£30K - £60K (Employer Est.),[]
540,Junior Web Developer,United Kingdom,£32K - £42K (Employer Est.),"['html', 'css', 'javascript', 'testing', 'java', 'sql']"
541,Junior Website Developer,"Bournemouth, England",£20K - £30K (Employer Est.),"['backend', 'html', 'css', 'javascript', 'java', 'sass', 'sql']"
542,Front End Web Developer,"Coventry, England",£29K - £43K (Employer Est.),[]
543,Junior Frontend Web Developer,"Lowestoft, England",£15K - £24K (Employer Est.),"['frontend', 'html', 'react']"
544,Web Designer & Developer,Remote,£500 (Employer Est.),[]
545,HTML & CSS Developer,"Ossington, England",£15K - £16K (Employer Est.),[]
546,Front End Developer (Interactive Learning),"Oxford, England",£31K - £36K (Employer Est.),"['frontend', 'html', 'javascript', 'java', 'express']"
547,Junior Web Designer/Developer,"Hereford, England",£20K - £25K (Employer Est.),[]
548,Frontend Developer (Vue/React),"Nottingham, England",£25K - £35K (Employer Est.),"['frontend', 'html', 'css', 'javascript', 'java']"
549,Front End Developer,"Bournemouth, England",NA,['frontend']
550,Junior WordPress Developer,"Northampton, England",£33K - £35K (Employer Est.),"['html', 'css', 'javascript', 'testing', 'java']"
551,Wordpress Developer/Graphic Designer,"Norwich, England",£18K - £23K (Employer Est.),"['html', 'css', 'javascript', 'java']"
552,JUNIOR FRONT END DEVELOPER - EMEA,"London, England",£34K - £41K (Glassdoor Est.),['testing']
553,Junior Software Engineer - Frontend,"Royal Leamington Spa, England",£33K - £44K (Glassdoor Est.),['frontend']
554,Assistant Frontend Web Developer (2 posts),"Huddersfield, England",£25K - £28K (Employer Est.),['frontend']
555,Junior Web Developer,"Havant, England",£19K - £25K (Employer Est.),['react']
556,Frontend Developer,"Bristol, England",£40K - £53K (Employer Est.),[]
557,Volunteer Web Developers / Graphic Designers,"Edinburgh, Scotland",NA,"['html', 'css']"
558,Junior Web Developer,"Clitheroe, England",£24K - £28K (Employer Est.),[]
559,Frontend Developer,"Belfast, Northern Ireland",£30K - £40K (Glassdoor Est.),['frontend']
560,Junior Website Developer,,£30K (Employer Est.),[]
561,Wordpress Web Designer Volunteer for Charitable Organization,Remote,NA,[]
562,Front End Developer Internship,"Bristol, England",NA,[]
563,Frontend Developer - Spain (Remote),Remote,NA,"['frontend', 'cloud', 'react']"
564,Junior Developer - JavaScript / React,"Bristol, England",£41K - £70K (Glassdoor Est.),"['testing', 'java']"
565,Junior Web Developer,"London, England",£22K - £25K (Employer Est.),"['html', 'css']"
566,Junior Front End Developer,"Urmston, England",£41K - £48K (Glassdoor Est.),"['frontend', 'html', 'css', 'javascript', 'java', 'vue', 'node']"
567,Web Designer & Developer volunteer,"Birmingham, England",NA,[]
568,Graduate Frontend Developer,"London, England",£54K - £85K (Glassdoor Est.),"['frontend', 'cloud']"
569,Junior Front-End Developer,"Manchester, England",£20K - £24K (Employer Est.),"['frontend', 'backend', 'html', 'css', 'javascript', 'java']"
570,Junior Web Developer,United Kingdom,£32K - £42K (Employer Est.),"['html', 'css', 'javascript', 'testing', 'java', 'sql']"
571,Junior Frontend Web Developer,"Lowestoft, England",£15K - £24K (Employer Est.),"['frontend', 'html', 'react']"
572,Front End Web Developer,"Coventry, England",£29K - £43K (Employer Est.),[]
573,Web Designer & Developer,Remote,£500 (Employer Est.),[]
574,Junior Web Designer/Developer,"Hereford, England",£20K - £25K (Employer Est.),[]
575,HTML & CSS Developer,"Ossington, England",£15K - £16K (Employer Est.),[]
576,Front End Developer (Interactive Learning),"Oxford, England",£31K - £36K (Employer Est.),"['frontend', 'html', 'javascript', 'java', 'express']"
577,Junior Website Developer,"Bournemouth, England",£20K - £30K (Employer Est.),"['backend', 'html', 'css', 'javascript', 'java', 'sass', 'sql']"
578,Frontend Developer (Vue/React),"Nottingham, England",£25K - £35K (Employer Est.),"['frontend', 'html', 'css', 'javascript', 'java']"
579,Assistant Frontend Web Developer (2 posts),"Huddersfield, England",£25K - £28K (Employer Est.),['frontend']
580,Junior WordPress Developer,"Northampton, England",£33K - £35K (Employer Est.),"['html', 'css', 'javascript', 'testing', 'java']"
581,Junior Software Engineer - Frontend,"Royal Leamington Spa, England",£33K - £44K (Glassdoor Est.),['frontend']
582,Front End Developer,"Bournemouth, England",NA,['frontend']
583,Junior Web Developer,"Havant, England",£19K - £25K (Employer Est.),['react']
584,Wordpress Developer/Graphic Designer,"Norwich, England",£18K - £23K (Employer Est.),"['html', 'css', 'javascript', 'java']"
585,Junior Web Developer,"Clitheroe, England",£24K - £28K (Employer Est.),[]
586,Frontend Developer,"Bristol, England",£40K - £53K (Employer Est.),[]
587,JUNIOR FRONT END DEVELOPER - EMEA,"London, England",£34K - £41K (Glassdoor Est.),['testing']
588,Front End Developer Internship,"Bristol, England",NA,[]
589,Frontend Developer,"Belfast, Northern Ireland",£30K - £40K (Glassdoor Est.),['frontend']
590,Junior Web Developer,"London, England",£22K - £25K (Employer Est.),"['html', 'css']"
591,Frontend Developer,"Bristol, England",£46K - £61K (Glassdoor Est.),['frontend']
592,Graduate Frontend Developer,"London, England",£54K - £85K (Glassdoor Est.),"['frontend', 'cloud']"
593,Volunteer Web Developers / Graphic Designers,"Edinburgh, Scotland",NA,"['html', 'css']"
594,Frontend Developer - Spain (Remote),Remote,NA,"['frontend', 'cloud', 'react']"
595,Junior Developer - JavaScript / React,"Bristol, England",£41K - £70K (Glassdoor Est.),"['testing', 'java']"
596,Junior Front-End Developer,"Manchester, England",£20K - £24K (Employer Est.),"['frontend', 'backend', 'html', 'css', 'javascript', 'java']"
597,Web Designer & Developer,"Manchester, England",£1K (Employer Est.),[]
598,Frontend Javascript Developer,"Portsmouth, South East England, England",£30K - £55K (Employer Est.),['frontend']
599,Junior Website Developer,,£30K (Employer Est.),[]
600,Junior Web Developer,United Kingdom,£32K - £42K (Employer Est.),"['html', 'css', 'javascript', 'testing', 'java', 'sql']"
601,HTML & CSS Developer,"Ossington, England",£15K - £16K (Employer Est.),[]
602,Junior Frontend Web Developer,"Lowestoft, England",£15K - £24K (Employer Est.),"['frontend', 'html', 'react']"
603,Front End Web Developer,"Coventry, England",£29K - £43K (Employer Est.),[]
604,Web Designer & Developer,Remote,£500 (Employer Est.),[]
605,Junior Web Designer/Developer,"Hereford, England",£20K - £25K (Employer Est.),[]
606,Front End Developer (Interactive Learning),"Oxford, England",£31K - £36K (Employer Est.),"['frontend', 'html', 'javascript', 'java', 'express']"
607,Junior Website Developer,"Bournemouth, England",£20K - £30K (Employer Est.),"['backend', 'html', 'css', 'javascript', 'java', 'sass', 'sql']"
608,Frontend Developer (Vue/React),"Nottingham, England",£25K - £35K (Employer Est.),"['frontend', 'html', 'css', 'javascript', 'java']"
609,Assistant Frontend Web Developer (2 posts),"Huddersfield, England",£25K - £28K (Employer Est.),['frontend']
610,"WordPress Developer – PHP, HTML, CSS","Northampton, England",£35K (Employer Est.),"['frontend', 'html', 'css']"
611,Junior WordPress Developer,"Northampton, England",£33K - £35K (Employer Est.),"['html', 'css', 'javascript', 'testing', 'java']"
612,Junior Software Engineer - Frontend,"Royal Leamington Spa, England",£33K - £44K (Glassdoor Est.),['frontend']
613,Front End Developer,"Bournemouth, England",NA,['frontend']
614,Junior Web Developer,"Havant, England",£19K - £25K (Employer Est.),['react']
615,Wordpress Developer/Graphic Designer,"Norwich, England",£18K - £23K (Employer Est.),"['html', 'css', 'javascript', 'java']"
616,Junior Web Developer,"Clitheroe, England",£24K - £28K (Employer Est.),[]
617,Frontend Developer,"Bristol, England",£40K - £53K (Employer Est.),[]
618,JUNIOR FRONT END DEVELOPER - EMEA,"London, England",£34K - £41K (Glassdoor Est.),['testing']
619,Graduate Frontend Developer,"London, England",£54K - £85K (Glassdoor Est.),"['frontend', 'cloud']"
620,Front End Developer Internship,"Bristol, England",NA,[]
621,Frontend Developer,"Belfast, Northern Ireland",£30K - £40K (Glassdoor Est.),['frontend']
622,Junior Web Developer,"London, England",£22K - £25K (Employer Est.),"['html', 'css']"
623,Frontend Developer,"Bristol, England",£46K - £61K (Glassdoor Est.),['frontend']
624,HTML/CSS middle developer,"London, England",NA,[]
625,Volunteer Web Developers / Graphic Designers,"Edinburgh, Scotland",NA,"['html', 'css']"
626,Frontend Developer - Spain (Remote),Remote,NA,"['frontend', 'cloud', 'react']"
627,Junior Developer - JavaScript / React,"Bristol, England",£41K - £70K (Glassdoor Est.),"['testing', 'java']"
628,Junior Front-End Developer,"Manchester, England",£20K - £24K (Employer Est.),"['frontend', 'backend', 'html', 'css', 'javascript', 'java']"
629,Web Designer & Developer,"Manchester, England",£1K (Employer Est.),[]
630,Junior Web Developer,United Kingdom,£32K - £42K (Employer Est.),"['html', 'css', 'javascript', 'testing', 'java', 'sql']"
631,HTML & CSS Developer,"Ossington, England",£15K - £16K (Employer Est.),[]
632,Junior Frontend Web Developer,"Lowestoft, England",£15K - £24K (Employer Est.),"['frontend', 'html', 'react']"
633,Front End Web Developer,"Coventry, England",£29K - £43K (Employer Est.),[]
634,Web Designer & Developer,Remote,£500 (Employer Est.),[]
635,Junior Web Designer/Developer,"Hereford, England",£20K - £25K (Employer Est.),[]
636,Junior Website Developer,"Bournemouth, England",£20K - £30K (Employer Est.),"['backend', 'html', 'css', 'javascript', 'java', 'sass', 'sql']"
637,Front End Developer (Interactive Learning),"Oxford, England",£31K - £36K (Employer Est.),"['frontend', 'html', 'javascript', 'java', 'express']"
638,Junior Software Engineer - Frontend,"Royal Leamington Spa, England",£33K - £44K (Glassdoor Est.),['frontend']
639,Frontend Developer (Vue/React),"Nottingham, England",£25K - £35K (Employer Est.),"['frontend', 'html', 'css', 'javascript', 'java']"
640,"WordPress Developer – PHP, HTML, CSS","Northampton, England",£35K (Employer Est.),"['frontend', 'html', 'css']"
641,Assistant Frontend Web Developer (2 posts),"Huddersfield, England",£25K - £28K (Employer Est.),['frontend']
642,Wordpress Developer/Graphic Designer,"Norwich, England",£18K - £23K (Employer Est.),"['html', 'css', 'javascript', 'java']"
643,Junior WordPress Developer,"Northampton, England",£33K - £35K (Employer Est.),"['html', 'css', 'javascript', 'testing', 'java']"
644,Front End Developer,"Bournemouth, England",NA,['frontend']
645,JUNIOR FRONT END DEVELOPER - EMEA,"London, England",£34K - £41K (Glassdoor Est.),['testing']
646,Junior Web Developer,"Havant, England",£19K - £25K (Employer Est.),['react']
647,Junior Web Developer,"Clitheroe, England",£24K - £28K (Employer Est.),[]
648,Frontend Developer,"Bristol, England",£40K - £53K (Employer Est.),[]
649,Frontend Developer,"Belfast, Northern Ireland",£30K - £40K (Glassdoor Est.),['frontend']
650,Volunteer Web Developers / Graphic Designers,"Edinburgh, Scotland",NA,"['html', 'css']"
651,Front End Developer Internship,"Bristol, England",NA,[]
652,Graduate Frontend Developer,"London, England",£54K - £85K (Glassdoor Est.),"['frontend', 'cloud']"
653,HTML/CSS middle developer,"London, England",NA,[]
654,Junior Developer - JavaScript / React,"Bristol, England",£41K - £70K (Glassdoor Est.),"['testing', 'java']"
655,Junior Web Developer,"London, England",£22K - £25K (Employer Est.),"['html', 'css']"
656,Frontend Developer - Spain (Remote),Remote,NA,"['frontend', 'cloud', 'react']"
657,Junior Front-End Developer,"Manchester, England",£20K - £24K (Employer Est.),"['frontend', 'backend', 'html', 'css', 'javascript', 'java']"
658,Junior Front End Developer,"Urmston, England",£41K - £48K (Glassdoor Est.),"['frontend', 'html', 'css', 'javascript', 'java', 'vue', 'node']"
659,Frontend Javascript Developer,"Portsmouth, South East England, England",£30K - £55K (Employer Est.),['frontend']
660,Junior Web Developer,United Kingdom,£32K - £42K (Employer Est.),"['html', 'css', 'javascript', 'testing', 'java', 'sql']"
661,HTML & CSS Developer,"Ossington, England",£15K - £16K (Employer Est.),[]
662,Junior Frontend Web Developer,"Lowestoft, England",£15K - £24K (Employer Est.),"['frontend', 'html', 'react']"
663,Front End Web Developer,"Coventry, England",£29K - £43K (Employer Est.),[]
664,Web Designer & Developer,Remote,£500 (Employer Est.),[]
665,Junior Web Designer/Developer,"Hereford, England",£20K - £25K (Employer Est.),[]
666,Junior Website Developer,"Bournemouth, England",£20K - £30K (Employer Est.),"['backend', 'html', 'css', 'javascript', 'java', 'sass', 'sql']"
667,Front End Developer (Interactive Learning),"Oxford, England",£31K - £36K (Employer Est.),"['frontend', 'html', 'javascript', 'java', 'express']"
668,Junior Software Engineer - Frontend,"Royal Leamington Spa, England",£33K - £44K (Glassdoor Est.),['frontend']
669,Frontend Developer (Vue/React),"Nottingham, England",£25K - £35K (Employer Est.),"['frontend', 'html', 'css', 'javascript', 'java']"
670,"WordPress Developer – PHP, HTML, CSS","Northampton, England",£35K (Employer Est.),"['frontend', 'html', 'css']"
671,Assistant Frontend Web Developer (2 posts),"Huddersfield, England",£25K - £28K (Employer Est.),['frontend']
672,Wordpress Developer/Graphic Designer,"Norwich, England",£18K - £23K (Employer Est.),"['html', 'css', 'javascript', 'java']"
673,Junior WordPress Developer,"Northampton, England",£33K - £35K (Employer Est.),"['html', 'css', 'javascript', 'testing', 'java']"
674,Front End Developer,"Bournemouth, England",NA,['frontend']
675,JUNIOR FRONT END DEVELOPER - EMEA,"London, England",£34K - £41K (Glassdoor Est.),['testing']
676,Junior Web Developer,"Havant, England",£19K - £25K (Employer Est.),['react']
677,Junior Web Developer,"Clitheroe, England",£24K - £28K (Employer Est.),[]
678,Frontend Developer,"Bristol, England",£40K - £53K (Employer Est.),[]
679,Frontend Developer,"Belfast, Northern Ireland",£30K - £40K (Glassdoor Est.),['frontend']
680,Volunteer Web Developers / Graphic Designers,"Edinburgh, Scotland",NA,"['html', 'css']"
681,Front End Developer Internship,"Bristol, England",NA,[]
682,Graduate Frontend Developer,"London, England",£54K - £85K (Glassdoor Est.),"['frontend', 'cloud']"
683,HTML/CSS middle developer,"London, England",NA,[]
684,Junior Developer - JavaScript / React,"Bristol, England",£41K - £70K (Glassdoor Est.),"['testing', 'java']"
685,Junior Web Developer,"London, England",£22K - £25K (Employer Est.),"['html', 'css']"
686,Frontend Developer - Spain (Remote),Remote,NA,"['frontend', 'cloud', 'react']"
687,Junior Front-End Developer,"Manchester, England",£20K - £24K (Employer Est.),"['frontend', 'backend', 'html', 'css', 'javascript', 'java']"
688,Junior Front End Developer,"Urmston, England",£41K - £48K (Glassdoor Est.),"['frontend', 'html', 'css', 'javascript', 'java', 'vue', 'node']"
689,Frontend Javascript Developer,"Portsmouth, South East England, England",£30K - £55K (Employer Est.),['frontend']
690,Junior Web Developer,United Kingdom,£32K - £42K (Employer Est.),"['html', 'css', 'javascript', 'testing', 'java', 'sql']"
691,HTML & CSS Developer,"Ossington, England",£15K - £16K (Employer Est.),[]
692,Junior Frontend Web Developer,"Lowestoft, England",£15K - £24K (Employer Est.),"['frontend', 'html', 'react']"
693,Front End Web Developer,"Coventry, England",£29K - £43K (Employer Est.),[]
694,Web Designer & Developer,Remote,£500 (Employer Est.),[]
695,Junior Web Designer/Developer,"Hereford, England",£20K - £25K (Employer Est.),[]
696,Junior Website Developer,"Bournemouth, England",£20K - £30K (Employer Est.),"['backend', 'html', 'css', 'javascript', 'java', 'sass', 'sql']"
697,Front End Developer (Interactive Learning),"Oxford, England",£31K - £36K (Employer Est.),"['frontend', 'html', 'javascript', 'java', 'express']"
698,Junior Software Engineer - Frontend,"Royal Leamington Spa, England",£33K - £44K (Glassdoor Est.),['frontend']
699,Frontend Developer (Vue/React),"Nottingham, England",£25K - £35K (Employer Est.),"['frontend', 'html', 'css', 'javascript', 'java']"
700,Wordpress Developer/Graphic Designer,"Norwich, England",£18K - £23K (Employer Est.),"['html', 'css', 'javascript', 'java']"
701,"WordPress Developer – PHP, HTML, CSS","Northampton, England",£35K (Employer Est.),"['frontend', 'html', 'css']"
702,Assistant Frontend Web Developer (2 posts),"Huddersfield, England",£25K - £28K (Employer Est.),['frontend']
703,Junior WordPress Developer,"Northampton, England",£33K - £35K (Employer Est.),"['html', 'css', 'javascript', 'testing', 'java']"
704,Front End Developer,"Bournemouth, England",NA,['frontend']
705,JUNIOR FRONT END DEVELOPER - EMEA,"London, England",£34K - £41K (Glassdoor Est.),['testing']
706,Junior Web Developer,"Havant, England",£19K - £25K (Employer Est.),['react']
707,Junior Web Developer,"Clitheroe, England",£24K - £28K (Employer Est.),[]
708,Frontend Developer,"Bristol, England",£40K - £53K (Employer Est.),[]
709,Frontend Developer,"Belfast, Northern Ireland",£30K - £40K (Glassdoor Est.),['frontend']
710,Volunteer Web Developers / Graphic Designers,"Edinburgh, Scotland",NA,"['html', 'css']"
711,Front End Developer Internship,"Bristol, England",NA,[]
712,Graduate Frontend Developer,"London, England",£54K - £85K (Glassdoor Est.),"['frontend', 'cloud']"
713,HTML/CSS middle developer,"London, England",NA,[]
714,Junior Developer - JavaScript / React,"Bristol, England",£41K - £70K (Glassdoor Est.),"['testing', 'java']"
715,Junior Front End Developer,"Urmston, England",£41K - £48K (Glassdoor Est.),"['frontend', 'html', 'css', 'javascript', 'java', 'vue', 'node']"
716,Junior Web Developer,"London, England",£22K - £25K (Employer Est.),"['html', 'css']"
717,Frontend Developer - Spain (Remote),Remote,NA,"['frontend', 'cloud', 'react']"
718,Junior Front-End Developer,"Manchester, England",£20K - £24K (Employer Est.),"['frontend', 'backend', 'html', 'css', 'javascript', 'java']"
719,Frontend Javascript Developer,"Portsmouth, South East England, England",£30K - £55K (Employer Est.),['frontend']
720,Junior Web Developer,United Kingdom,£32K - £42K (Employer Est.),"['html', 'css', 'javascript', 'testing', 'java', 'sql']"
721,HTML & CSS Developer,"Ossington, England",£15K - £16K (Employer Est.),[]
722,Junior Frontend Web Developer,"Lowestoft, England",£15K - £24K (Employer Est.),"['frontend', 'html', 'react']"
723,Front End Web Developer,"Coventry, England",£29K - £43K (Employer Est.),[]
724,Junior Website Developer,"Bournemouth, England",£20K - £30K (Employer Est.),"['backend', 'html', 'css', 'javascript', 'java', 'sass', 'sql']"
725,Web Designer & Developer,Remote,£500 (Employer Est.),[]
726,Junior Web Designer/Developer,"Hereford, England",£20K - £25K (Employer Est.),[]
727,Front End Developer (Interactive Learning),"Oxford, England",£31K - £36K (Employer Est.),"['frontend', 'html', 'javascript', 'java', 'express']"
728,Wordpress Developer/Graphic Designer,"Norwich, England",£18K - £23K (Employer Est.),"['html', 'css', 'javascript', 'java']"
729,"WordPress Developer – PHP, HTML, CSS","Northampton, England",£35K (Employer Est.),"['frontend', 'html', 'css']"
730,Frontend Developer (Vue/React),"Nottingham, England",£25K - £35K (Employer Est.),"['frontend', 'html', 'css', 'javascript', 'java']"
731,Junior Software Engineer - Frontend,"Royal Leamington Spa, England",£33K - £44K (Glassdoor Est.),['frontend']
732,Junior WordPress Developer,"Northampton, England",£33K - £35K (Employer Est.),"['html', 'css', 'javascript', 'testing', 'java']"
733,Front End Developer,"Bournemouth, England",NA,['frontend']
734,JUNIOR FRONT END DEVELOPER - EMEA,"London, England",£34K - £41K (Glassdoor Est.),['testing']
735,Assistant Frontend Web Developer (2 posts),"Huddersfield, England",£25K - £28K (Employer Est.),['frontend']
736,Volunteer Web Developers / Graphic Designers,"Edinburgh, Scotland",NA,"['html', 'css']"
737,Junior Web Developer,"Clitheroe, England",£24K - £28K (Employer Est.),[]
738,Junior Web Developer,"Havant, England",£19K - £25K (Employer Est.),['react']
739,Frontend Developer,"Belfast, Northern Ireland",£30K - £40K (Glassdoor Est.),['frontend']
740,Frontend Developer,"Bristol, England",£40K - £53K (Employer Est.),[]
741,HTML/CSS middle developer,"London, England",NA,[]
742,Graduate Frontend Developer,"London, England",£54K - £85K (Glassdoor Est.),"['frontend', 'cloud']"
743,Front End Developer Internship,"Bristol, England",NA,[]
744,Junior Developer - JavaScript / React,"Bristol, England",£41K - £70K (Glassdoor Est.),"['testing', 'java']"
745,Wordpress Web Designer Volunteer for Charitable Organization,Remote,NA,[]
746,Junior Front-End Developer,"Manchester, England",£20K - £24K (Employer Est.),"['frontend', 'backend', 'html', 'css', 'javascript', 'java']"
747,Frontend Javascript Developer,"Portsmouth, South East England, England",£30K - £55K (Employer Est.),['frontend']
748,Junior Front End Developer,"Urmston, England",£41K - £48K (Glassdoor Est.),"['frontend', 'html', 'css', 'javascript', 'java', 'vue', 'node']"
749,Front End Developer,"Milton Keynes, England",£40K - £42K (Employer Est.),['frontend']
750,Junior Web Developer,United Kingdom,£32K - £42K (Employer Est.),"['html', 'css', 'javascript', 'testing', 'java', 'sql']"
751,HTML & CSS Developer,"Ossington, England",£15K - £16K (Employer Est.),[]
752,Junior Frontend Web Developer,"Lowestoft, England",£15K - £24K (Employer Est.),"['frontend', 'html', 'react']"
753,Junior Web Designer/Developer,"Hereford, England",£20K - £25K (Employer Est.),[]
754,Junior Website Developer,"Bournemouth, England",£20K - £30K (Employer Est.),"['backend', 'html', 'css', 'javascript', 'java', 'sass', 'sql']"
755,Web Designer & Developer,Remote,£500 (Employer Est.),[]
756,Front End Web Developer,"Coventry, England",£29K - £43K (Employer Est.),[]
757,JUNIOR FRONT END DEVELOPER - EMEA,"London, England",£34K - £41K (Glassdoor Est.),['testing']
758,"WordPress Developer – PHP, HTML, CSS","Northampton, England",£35K (Employer Est.),"['frontend', 'html', 'css']"
759,Frontend Developer (Vue/React),"Nottingham, England",£25K - £35K (Employer Est.),"['frontend', 'html', 'css', 'javascript', 'java']"
760,Front End Developer (Interactive Learning),"Oxford, England",£31K - £36K (Employer Est.),"['frontend', 'html', 'javascript', 'java', 'express']"
761,Wordpress Developer/Graphic Designer,"Norwich, England",£18K - £23K (Employer Est.),"['html', 'css', 'javascript', 'java']"
762,Junior WordPress Developer,"Northampton, England",£33K - £35K (Employer Est.),"['html', 'css', 'javascript', 'testing', 'java']"
763,Assistant Frontend Web Developer (2 posts),"Huddersfield, England",£25K - £28K (Employer Est.),['frontend']
764,Junior Software Engineer - Frontend,"Royal Leamington Spa, England",£33K - £44K (Glassdoor Est.),['frontend']
765,HTML/CSS middle developer,"London, England",NA,[]
766,Front End Developer,"Bournemouth, England",NA,['frontend']
767,Junior Web Developer,"Clitheroe, England",£24K - £28K (Employer Est.),[]
768,Volunteer Web Developers / Graphic Designers,"Edinburgh, Scotland",NA,"['html', 'css']"
769,Junior Web Developer,"Havant, England",£19K - £25K (Employer Est.),['react']
770,Junior Web Developer,"London, England",£22K - £25K (Employer Est.),"['html', 'css']"
771,Frontend Developer,"Belfast, Northern Ireland",£30K - £40K (Glassdoor Est.),['frontend']
772,Graduate Frontend Developer,"London, England",£54K - £85K (Glassdoor Est.),"['frontend', 'cloud']"
773,Frontend Javascript Developer,"Portsmouth, South East England, England",£30K - £55K (Employer Est.),['frontend']
774,Frontend Developer,"Bristol, England",£40K - £53K (Employer Est.),[]
775,Front End Developer Internship,"Bristol, England",NA,[]
776,Frontend Developer,"Bristol, England",£46K - £61K (Glassdoor Est.),['frontend']
777,Front End Developer,"Milton Keynes, England",£40K - £42K (Employer Est.),['frontend']
778,Junior Developer - JavaScript / React,"Bristol, England",£41K - £70K (Glassdoor Est.),"['testing', 'java']"
779,Wordpress Web Designer Volunteer for Charitable Organization,Remote,NA,[]
780,Junior Web Developer,United Kingdom,£32K - £42K (Employer Est.),"['html', 'css', 'javascript', 'testing', 'java', 'sql']"
781,HTML & CSS Developer,"Ossington, England",£15K - £16K (Employer Est.),[]
782,Junior Frontend Web Developer,"Lowestoft, England",£15K - £24K (Employer Est.),"['frontend', 'html', 'react']"
783,Frontend Developer (Vue/React),"Nottingham, England",£25K - £35K (Employer Est.),"['frontend', 'html', 'css', 'javascript', 'java']"
784,Front End Web Developer,"Coventry, England",£29K - £43K (Employer Est.),[]
785,Junior Website Developer,"Bournemouth, England",£20K - £30K (Employer Est.),"['backend', 'html', 'css', 'javascript', 'java', 'sass', 'sql']"
786,Junior Web Designer/Developer,"Hereford, England",£20K - £25K (Employer Est.),[]
787,JUNIOR FRONT END DEVELOPER - EMEA,"London, England",£34K - £41K (Glassdoor Est.),['testing']
788,"WordPress Developer – PHP, HTML, CSS","Northampton, England",£35K (Employer Est.),"['frontend', 'html', 'css']"
789,Junior WordPress Developer,"Northampton, England",£33K - £35K (Employer Est.),"['html', 'css', 'javascript', 'testing', 'java']"
790,Assistant Frontend Web Developer (2 posts),"Huddersfield, England",£25K - £28K (Employer Est.),['frontend']
791,Web Designer & Developer,Remote,£500 (Employer Est.),[]
792,Front End Developer (Interactive Learning),"Oxford, England",£31K - £36K (Employer Est.),"['frontend', 'html', 'javascript', 'java', 'express']"
793,Front End Developer,"Bournemouth, England",NA,['frontend']
794,HTML/CSS middle developer,"London, England",NA,[]
795,Wordpress Developer/Graphic Designer,"Norwich, England",£18K - £23K (Employer Est.),"['html', 'css', 'javascript', 'java']"
796,Junior Software Engineer - Frontend,"Royal Leamington Spa, England",£33K - £44K (Glassdoor Est.),['frontend']
797,Graduate Frontend Developer,"London, England",£54K - £85K (Glassdoor Est.),"['frontend', 'cloud']"
798,Junior Web Developer,"Havant, England",£19K - £25K (Employer Est.),['react']
799,Junior Web Developer,"Clitheroe, England",£24K - £28K (Employer Est.),[]
800,Junior Website Developer,,£30K (Employer Est.),[]
801,Frontend Developer,"Belfast, Northern Ireland",£30K - £40K (Glassdoor Est.),['frontend']
802,Junior Web Developer,"London, England",£22K - £25K (Employer Est.),"['html', 'css']"
803,Volunteer Web Developers / Graphic Designers,"Edinburgh, Scotland",NA,"['html', 'css']"
804,Frontend Developer,"Bristol, England",£40K - £53K (Employer Est.),[]
805,Frontend Javascript Developer,"Portsmouth, South East England, England",£30K - £55K (Employer Est.),['frontend']
806,Front End Developer Internship,"Bristol, England",NA,[]
807,Frontend Developer - Spain (Remote),Remote,NA,"['frontend', 'cloud', 'react']"
808,Wordpress Web Designer Volunteer for Charitable Organization,Remote,NA,[]
809,Front End Developer,"Milton Keynes, England",£40K - £42K (Employer Est.),['frontend']
810,Junior Web Developer,United Kingdom,£32K - £42K (Employer Est.),"['html', 'css', 'javascript', 'testing', 'java', 'sql']"
811,HTML & CSS Developer,"Ossington, England",£15K - £16K (Employer Est.),[]
812,Front End Web Developer,"Coventry, England",£29K - £43K (Employer Est.),[]
813,Junior Frontend Web Developer,"Lowestoft, England",£15K - £24K (Employer Est.),"['frontend', 'html', 'react']"
814,Frontend Developer (Vue/React),"Nottingham, England",£25K - £35K (Employer Est.),"['frontend', 'html', 'css', 'javascript', 'java']"
815,JUNIOR FRONT END DEVELOPER - EMEA,"London, England",£34K - £41K (Glassdoor Est.),['testing']
816,Junior Web Designer/Developer,"Hereford, England",£20K - £25K (Employer Est.),[]
817,Junior Website Developer,"Bournemouth, England",£20K - £30K (Employer Est.),"['backend', 'html', 'css', 'javascript', 'java', 'sass', 'sql']"
818,Assistant Frontend Web Developer (2 posts),"Huddersfield, England",£25K - £28K (Employer Est.),['frontend']
819,"WordPress Developer – PHP, HTML, CSS","Northampton, England",£35K (Employer Est.),"['frontend', 'html', 'css']"
820,Front End Developer (Interactive Learning),"Oxford, England",£31K - £36K (Employer Est.),"['frontend', 'html', 'javascript', 'java', 'express']"
821,HTML/CSS middle developer,"London, England",NA,[]
822,Front End Developer,"Bournemouth, England",NA,['frontend']
823,Junior Software Engineer - Frontend,"Royal Leamington Spa, England",£33K - £44K (Glassdoor Est.),['frontend']
824,Web Designer & Developer,Remote,£500 (Employer Est.),[]
825,Junior WordPress Developer,"Northampton, England",£33K - £35K (Employer Est.),"['html', 'css', 'javascript', 'testing', 'java']"
826,Graduate Frontend Developer,"London, England",£54K - £85K (Glassdoor Est.),"['frontend', 'cloud']"
827,Wordpress Developer/Graphic Designer,"Norwich, England",£18K - £23K (Employer Est.),"['html', 'css', 'javascript', 'java']"
828,Frontend Developer,"Belfast, Northern Ireland",£30K - £40K (Glassdoor Est.),['frontend']
829,Junior Web Developer,"London, England",£22K - £25K (Employer Est.),"['html', 'css']"
830,Junior Web Developer,"Havant, England",£19K - £25K (Employer Est.),['react']
831,Junior Web Developer,"Clitheroe, England",£24K - £28K (Employer Est.),[]
832,Frontend Developer,"Bristol, England",£40K - £53K (Employer Est.),[]
833,Front End Developer Internship,"Bristol, England",NA,[]
834,Junior Website Developer,,£30K (Employer Est.),[]
835,Frontend Developer - Spain (Remote),Remote,NA,"['frontend', 'cloud', 'react']"
836,Frontend Javascript Developer,"Portsmouth, South East England, England",£30K - £55K (Employer Est.),['frontend']
837,Front End Developer,"Milton Keynes, England",£40K - £42K (Employer Est.),['frontend']
838,Junior Developer - JavaScript / React,"Bristol, England",£41K - £70K (Glassdoor Est.),"['testing', 'java']"
839,Frontend Developer,"Bristol, England",£46K - £61K (Glassdoor Est.),['frontend']
840,Junior Web Developer,United Kingdom,£32K - £42K (Employer Est.),"['html', 'css', 'javascript', 'testing', 'java', 'sql']"
841,HTML & CSS Developer,"Ossington, England",£15K - £16K (Employer Est.),[]
842,Front End Web Developer,"Coventry, England",£29K - £43K (Employer Est.),[]
843,Junior Frontend Web Developer,"Lowestoft, England",£15K - £24K (Employer Est.),"['frontend', 'html', 'react']"
844,Frontend Developer (Vue/React),"Nottingham, England",£25K - £35K (Employer Est.),"['frontend', 'html', 'css', 'javascript', 'java']"
845,JUNIOR FRONT END DEVELOPER - EMEA,"London, England",£34K - £41K (Glassdoor Est.),['testing']
846,Junior Website Developer,"Bournemouth, England",£20K - £30K (Employer Est.),"['backend', 'html', 'css', 'javascript', 'java', 'sass', 'sql']"
847,Assistant Frontend Web Developer (2 posts),"Huddersfield, England",£25K - £28K (Employer Est.),['frontend']
848,Junior Web Designer/Developer,"Hereford, England",£20K - £25K (Employer Est.),[]
849,"WordPress Developer – PHP, HTML, CSS","Northampton, England",£35K (Employer Est.),"['frontend', 'html', 'css']"
850,Front End Developer (Interactive Learning),"Oxford, England",£31K - £36K (Employer Est.),"['frontend', 'html', 'javascript', 'java', 'express']"
851,HTML/CSS middle developer,"London, England",NA,[]
852,Front End Developer,"Bournemouth, England",NA,['frontend']
853,Junior WordPress Developer,"Northampton, England",£33K - £35K (Employer Est.),"['html', 'css', 'javascript', 'testing', 'java']"
854,Junior Software Engineer - Frontend,"Royal Leamington Spa, England",£33K - £44K (Glassdoor Est.),['frontend']
855,Graduate Frontend Developer,"London, England",£54K - £85K (Glassdoor Est.),"['frontend', 'cloud']"
856,Web Designer & Developer,Remote,£500 (Employer Est.),[]
857,Frontend Developer,"Belfast, Northern Ireland",£30K - £40K (Glassdoor Est.),['frontend']
858,Junior Web Developer,"London, England",£22K - £25K (Employer Est.),"['html', 'css']"
859,Front End Developer Internship,"Bristol, England",NA,[]
860,Junior Website Developer,,£30K (Employer Est.),[]
861,Frontend Developer,"Bristol, England",£40K - £53K (Employer Est.),[]
862,Wordpress Developer/Graphic Designer,"Norwich, England",£18K - £23K (Employer Est.),"['html', 'css', 'javascript', 'java']"
863,Junior Web Developer,"Clitheroe, England",£24K - £28K (Employer Est.),[]
864,Frontend Developer - Spain (Remote),Remote,NA,"['frontend', 'cloud', 'react']"
865,Junior Web Developer,"Havant, England",£19K - £25K (Employer Est.),['react']
866,Front End Developer,"Milton Keynes, England",£40K - £42K (Employer Est.),['frontend']
867,Frontend Javascript Developer,"Portsmouth, South East England, England",£30K - £55K (Employer Est.),['frontend']
868,Junior Developer - JavaScript / React,"Bristol, England",£41K - £70K (Glassdoor Est.),"['testing', 'java']"
869,Frontend Developer,"Bristol, England",£46K - £61K (Glassdoor Est.),['frontend']
870,Junior Web Developer,United Kingdom,£32K - £42K (Employer Est.),"['html', 'css', 'javascript', 'testing', 'java', 'sql']"
871,HTML & CSS Developer,"Ossington, England",£15K - £16K (Employer Est.),"['html', 'css', 'javascript', 'testing', 'java', 'sql']"
872,Junior Frontend Web Developer,"Lowestoft, England",£15K - £24K (Employer Est.),"['frontend', 'html', 'react']"
873,Front End Web Developer,"Coventry, England",£29K - £43K (Employer Est.),[]
874,Junior Web Designer/Developer,"Hereford, England",£20K - £25K (Employer Est.),[]
875,Frontend Developer (Vue/React),"Nottingham, England",£25K - £35K (Employer Est.),"['frontend', 'html', 'css', 'javascript', 'java']"
876,JUNIOR FRONT END DEVELOPER - EMEA,"London, England",£34K - £41K (Glassdoor Est.),['testing']
877,Junior Website Developer,"Bournemouth, England",£20K - £30K (Employer Est.),"['backend', 'html', 'css', 'javascript', 'java', 'sass', 'sql']"
878,Front End Developer (Interactive Learning),"Oxford, England",£31K - £36K (Employer Est.),"['frontend', 'html', 'javascript', 'java', 'express']"
879,Assistant Frontend Web Developer (2 posts),"Huddersfield, England",£25K - £28K (Employer Est.),['frontend']
880,"WordPress Developer – PHP, HTML, CSS","Northampton, England",£35K (Employer Est.),"['frontend', 'html', 'css']"
881,HTML/CSS middle developer,"London, England",NA,[]
882,Front End Developer,"Bournemouth, England",NA,['frontend']
883,Web Designer & Developer,Remote,£500 (Employer Est.),[]
884,Junior WordPress Developer,"Northampton, England",£33K - £35K (Employer Est.),"['html', 'css', 'javascript', 'testing', 'java']"
885,Junior Software Engineer - Frontend,"Royal Leamington Spa, England",£33K - £44K (Glassdoor Est.),['frontend']
886,Graduate Frontend Developer,"London, England",£54K - £85K (Glassdoor Est.),"['frontend', 'cloud']"
887,Wordpress Developer/Graphic Designer,"Norwich, England",£18K - £23K (Employer Est.),"['html', 'css', 'javascript', 'java']"
888,Frontend Developer,"Bristol, England",£40K - £53K (Employer Est.),[]
889,Junior Web Developer,"London, England",£22K - £25K (Employer Est.),"['html', 'css']"
890,Frontend Developer,"Belfast, Northern Ireland",£30K - £40K (Glassdoor Est.),['frontend']
891,Front End Developer Internship,"Bristol, England",NA,[]
892,Junior Web Developer,"Clitheroe, England",£24K - £28K (Employer Est.),[]
893,Junior Web Developer,"Havant, England",£19K - £25K (Employer Est.),['react']
894,Junior Website Developer,,£30K (Employer Est.),[]
895,Frontend Javascript Developer,"Portsmouth, South East England, England",£30K - £55K (Employer Est.),['frontend']
896,Junior Developer - JavaScript / React,"Bristol, England",£41K - £70K (Glassdoor Est.),"['testing', 'java']"
897,Frontend Developer - Spain (Remote),Remote,NA,"['frontend', 'cloud', 'react']"
898,Front End Developer,"Milton Keynes, England",£40K - £42K (Employer Est.),['frontend']
899,Frontend Developer,"Bristol, England",£46K - £61K (Glassdoor Est.),['frontend']
